# Omega_m, sigma_8, w0, wa, Omega_b, little_h, n_s, m_nu
0.316611163949146401, 0.810093293676643067, -0.833198028110769817, -1.474485898416476370, 0.048888952327822109, 0.687318317339675078, 0.934271723384242803, 0.107369416964769121
0.383618708811959974, 0.788811676621351099, -0.433789232981590334, -1.977942917737649076, 0.047688732017935428, 0.699626009647367320, 0.939534881278979550, 0.115966628166701849
0.203889670111440491, 0.806204300840369759, -0.880190096521532683, -1.060513646406533450, 0.044393530609113628, 0.736549086570444267, 0.955324354963190125, 0.063060103626653305
0.269740848335304206, 0.766902441371069776, -0.497969334588176715, -1.483683302534452464, 0.035923270687467902, 0.748856778878136731, 0.960587512857926984, 0.068109409514865341
0.331742683882271905, 0.745594887795383743, -0.984073254216892734, -1.679698368000420938, 0.035197361925659039, 0.761164471185828972, 0.965850670752663842, 0.073563020002760202
0.402276774406204352, 0.725755962900476170, -0.604818298800545717, -1.871665219356894339, 0.034499097415431113, 0.773472163493521214, 0.971113828647400590, 0.079453308294287830
0.136009489955962598, 1.338419113707579822, -0.787810840556078418, 0.353845544383638133, 0.033826968071702337, 0.785779855801213678, 0.976376986542137448, 0.085815239758648881
0.282080162262437706, 0.617841736910454298, -1.305788948985805220, 1.703107341984964052, 0.050396607581421705, 0.651341985978728388, 0.986903302331611165, 0.100108116476975401
0.344678864075173286, 0.628987572858457744, -0.771014212750468997, 1.073480808084561922, 0.049105631579702470, 0.663649678286420630, 0.992166460226348024, 0.108123905746490043
0.419263072096450529, 0.622178543750123048, -0.963120895668731380, -2.404732430247074504, 0.047874407553508802, 0.675957370594113094, 0.997429618121084882, 0.116781529862912820
0.155510938920240926, 1.100067885079978325, -0.586189794292674260, -2.237838780274827855, 0.046699058759739571, 0.688265062901805336, 1.002692776015821741, 0.126132381391199588
0.231508444235290656, 0.966111173599162654, -1.089097537913430225, 1.340423267096282345, 0.045576027224172387, 0.700572755209497577, 1.007955933910558599, 0.136231967966943840
0.294366024327157472, 0.919297955682506718, -0.681292268513217669, -2.813573624982372401, 0.044502042292839869, 0.712880447517189819, 1.013219091805295458, 0.063503229258750946
0.358035790921747865, 0.903823994820307175, -0.862314371059450857, -0.573608352051801273, 0.043474092779363434, 0.725188139824882283, 1.018482249700032094, 0.068588016802315369
0.438095328210971080, 0.417497695357794463, -0.475104234947610893, -0.835671519113569738, 0.042489402242961820, 0.737495832132574525, 0.924022415905018324, 0.074079950008627729
0.172967722440587307, 0.807332679891667571, -1.175076647962809417, -0.042214765265291110, 0.041545406998789433, 0.749803524440266878, 0.929285573799755182, 0.080011629569314638
0.244553306794710101, 0.758490213093896637, -0.726368225326439187, -0.759956574724121925, 0.040639736518633722, 0.762111216747959230, 0.934548731694492041, 0.086418266556492387
0.459610468794361404, 0.693416651274349483, -1.021242757980311389, -0.137891483037031526, 0.031575901015040361, 0.799034293671036178, 0.950338205378702616, 0.108883696348206174
0.188966382744065936, 1.161397992270462698, -0.634917493721933290, -0.527249654869523798, 0.047961943642044501, 0.652288731540858646, 0.955601363273439475, 0.117602157902857191
0.257262657800760186, 0.567006538876829946, -0.816042134310789757, -2.006830096808648101, 0.046761324408395054, 0.664596423848550888, 0.960864521168176222, 0.127018718203502773
0.319110242587256454, 0.605538257918502909, -0.406491055694312597, -2.485090076967426675, 0.045615519388274441, 0.676904116156243130, 0.966127679062913081, 0.137189274939901934
0.485334600326983889, 0.592077032132311110, -0.748694150589809704, -1.803024271482448260, 0.043474545943884786, 0.701519500771627835, 0.976653994852386798, 0.069069987280508532
0.118298985770555087, 1.288539053121096067, -0.936421993776644590, 0.334126454542288620, 0.042473165587798276, 0.713827193079320077, 0.981917152747123656, 0.074600512500368713
0.206770226940493407, 1.044082227684632880, -0.560516310389449601, 1.765290986910684534, 0.041514122329352407, 0.726134885387012430, 0.987180310641860403, 0.080573874188162323
0.334302164963516724, 0.514527898795985039, -0.658326934186639012, -2.141915427369002423, 0.039713121657342858, 0.750750270002397024, 0.997706626431334120, 0.093993780183044662
0.405554146434386864, 0.546587160601750610, -0.838963714486144041, -0.036362430150272296, 0.038866665092715545, 0.763057962310089377, 1.002969784326070979, 0.101519986459891867
0.220748955711588368, 0.887334687695061519, -1.128934007670780781, 0.409180808828281839, 0.037271810098404752, 0.787673346925473972, 1.013496100115544696, 0.118428552525759859
0.284538947769978845, 0.839085498904012406, -0.703935660699579691, -0.133315739123610832, 0.036519827850137770, 0.799981039233166213, 1.018759258010281554, 0.127911283336687331
0.347312461609087242, 0.813647635792597024, -0.886230263928508011, -1.608457795005590274, 0.057651982771818204, 0.640059467859614983, 0.924299424215267673, 0.138153308943630787
0.422861094716865393, 0.793673440274662578, -0.505329833131006101, -1.977768190979417362, 0.056077673515168819, 0.652367160167307225, 0.929562582110004532, 0.064398843983749912
0.159143090554985212, 0.768060084931754594, -0.991263791892710078, 1.874986066974208665, 0.054579354994488065, 0.664674852474999467, 0.934825740004741390, 0.069555344582707998
0.296824074632543067, 0.715222745984249619, -0.793429002244781967, -1.385667918371132235, 0.042981488055328157, 0.689290237090384172, 0.945352055794214996, 0.081140069720310029
0.360769641611702718, 0.701429889070588342, -0.366039337491783134, -2.005723589268871621, 0.041988627997794688, 0.701597929398076414, 0.950615213688951854, 0.087637062402629876
0.442148397102443469, 0.679772014361493815, -1.265287087332263027, -0.308308134998612093, 0.041038095615999859, 0.713905621705768656, 0.955878371583688713, 0.094654277880661067
0.176269664867319320, 1.153621491586686698, -0.759848660360296302, -1.112078611232024228, 0.040127334281610826, 0.726213314013461120, 0.961141529478425571, 0.102233371081600077
0.247118455724481406, 1.050211344478326314, -0.949611320530734604, 1.175038252423412644, 0.039253984312851833, 0.738521006321153362, 0.966404687373162430, 0.110419332297748599
0.309155224630224656, 0.565704452932085378, -0.573483981731533032, -2.841138603257860495, 0.038415864694783454, 0.750828698628845603, 0.971667845267899288, 0.119260754253607978
0.374823004721267117, 0.587061078736391129, -1.070891534691524205, 0.709762799341023265, 0.037610956771984498, 0.763136390936538067, 0.976931003162636147, 0.128810120557389801
0.464349910551907552, 0.578701353330770774, -0.669857166255365732, 0.798543825968062837, 0.036837389672243058, 0.775444083244230309, 0.982194161057372894, 0.139124117249219303
0.192027227815413315, 0.971435985901141774, -0.850577329876242461, -2.738032731541878206, 0.036093427252773140, 0.787751775551922551, 0.987457318952109753, 0.060081841227443075
0.259773698695442201, 0.895588575649430063, -0.459115854788290645, -2.746126566274836200, 0.055112062434515670, 0.641006213421745019, 0.992720476846846611, 0.064892673706889309
0.321617428228398672, 0.862751762361606667, -1.151044674048071759, 1.695732073534930384, 0.053633961854849983, 0.653313905729437483, 0.997983634741583470, 0.070088715904820714
0.389664700436324951, 0.846337820632703686, -0.715171665656511357, -2.569229947779802625, 0.052226488398241615, 0.665621598037129725, 1.003246792636320217, 0.075700812072798607
0.491218677173218821, 0.459539597036831005, -0.898448543766063867, -0.349026594009074931, 0.050884941632340405, 0.677929290344821966, 1.008509950531057076, 0.081762276202395387
0.122945786677729957, 1.040373325353508349, -0.519705594539583204, -0.527162229009481065, 0.049605016188792032, 0.690236982652514208, 1.013773108425793934, 0.088309089780543040
0.209620410665303847, 0.871385532026316301, -1.005994364634240412, -0.731869164985307408, 0.048382762011087557, 0.702544674960206672, 1.019036266320530792, 0.095380115379414293
0.274688350627736222, 0.820567699025339770, -0.623003797291658890, -1.159603711687514860, 0.047214549231465397, 0.714852367267898914, 0.924576432525517022, 0.103017327348727705
0.144105928467287425, 1.409007152869274915, -1.201547726006322314, 0.352594219892083061, 0.036596307910470242, 0.751775444190975861, 0.940365906209727487, 0.129797875340510627
0.223470221598771945, 0.696223724161102564, -0.737538177917636761, -0.440783203837064930, 0.035850005943831899, 0.764083136498668103, 0.945629064104464345, 0.060504038501794651
0.286996266699567293, 0.690679675533147575, -0.923518333236674316, -2.008291584479656944, 0.035132258423574848, 0.776390828806360567, 0.950892221999201204, 0.065348676875312844
0.349963847021263930, 0.682093421019991708, -0.547255252174092988, -2.161727112054653066, 0.034441503074309252, 0.788698521114052808, 0.956155379893938062, 0.070581231849959569
0.426537235469712839, 0.665190287047326856, -1.037081111831797298, 1.430862233461646982, 0.052586863654524252, 0.641952958983875277, 0.961418537788674921, 0.076232764420968963
0.162700090265377656, 1.154052283034931792, -0.646685925680692386, -2.626634324735817039, 0.051204149770857070, 0.654260651291567519, 0.966681695683411668, 0.082336822678538715
0.236774021963399028, 1.026563472674821176, -0.827457128482067650, -0.481005858598711866, 0.049886759467241554, 0.666568343599259983, 0.971944853578148527, 0.088929640952812750
0.299283958923410809, 0.990430532616184967, -0.424932188422677881, -0.563635924786585640, 0.048630378263085201, 0.678876035906952224, 0.977208011472885385, 0.096050354904665972
0.363527206259916746, 0.461156502575082783, -1.108375829983276217, -1.850135881492538381, 0.047431052266408778, 0.691183728214644466, 0.982471169367622243, 0.103741233839092520
0.446315710271304122, 0.503966959493844846, -0.692647055919511478, -1.790801020995221648, 0.046285152051717605, 0.703491420522336708, 0.987734327262359102, 0.112047931620234575
0.179517394126600005, 0.886974365828574807, -0.874192380564562055, 0.335987164165455932, 0.045189340728760463, 0.715799112830029172, 0.992997485157095960, 0.121019757677508957
0.311634375483510528, 0.787170217853436327, -0.976990027667397509, -0.088520872439286372, 0.043135933303005879, 0.740414497445413655, 1.003523800946569677, 0.060929202571684229
0.377721144819980759, 0.765975638378929125, -0.598661888603275738, -0.330711851670406176, 0.042172886937656411, 0.752722189753106119, 1.008786958841306536, 0.065807884394516444
0.469270116719997743, 0.738125003220751030, -0.782203400197159060, -1.846456204310960691, 0.041248986662189208, 0.765029882060798361, 1.014050116736043172, 0.071077208722482854
0.195047809914569104, 0.654554938928937013, -0.343516256053670421, -2.515195188865871678, 0.033435319776526272, 0.777337574368490603, 1.019313274630780031, 0.076768454817556134
0.324133478911425077, 0.668770943954417496, -0.773808798605389536, -2.969718883322141068, 0.050076289500730675, 0.642899704546005535, 0.930116598730503119, 0.089554552760645167
0.392748891372115438, 0.659187425705267005, -0.966552817090054583, -0.415372724512182434, 0.048788147457935867, 0.655207396853697777, 0.935379756625239978, 0.096725304227336301
0.497429806066062741, 0.629268991145482737, -0.589328695697552751, -0.772802615084696498, 0.047560084879154342, 0.667515089161390018, 0.940642914519976836, 0.104470227246583641
0.104317980013287875, 1.472021010336284297, -1.093809372947696090, -0.799502222048891209, 0.046388167915543760, 0.679822781469082482, 0.945906072414713694, 0.112835296493886073
0.198622504324126148, 1.147007301567247728, -0.684137932248404468, -1.266825393770319330, 0.045268789392901181, 0.692130473776774724, 0.951169230309450553, 0.121870167897806789
0.265269323757163555, 0.580186631218726823, -0.865269944260497414, 1.114627987915358220, 0.044198636251637724, 0.704438166084466966, 0.956432388204187300, 0.131628473402774143
0.396508318287099093, 0.612348004725386530, -1.181441153025309942, 1.403157708234274548, 0.042194054929607094, 0.729053550699851671, 0.966958703993661017, 0.066270318781589066
0.277648532382898050, 0.911315057160816067, -0.537095679495620870, -2.588032938482164536, 0.039487513730862352, 0.765976627622928508, 0.982748177677871593, 0.083498056078183003
0.339979924831218361, 0.886578765964106785, -1.025143935208449042, 0.906342099828836067, 0.038656359286777471, 0.778284319930620860, 0.988011335572608340, 0.090183855846384262
0.148765861489426110, 0.919522639878443071, -0.818888109043193535, -0.892852776178577723, 0.057676940822557095, 0.643846450108135571, 0.998537651362082057, 0.105204343317151880
0.226707172480045960, 0.819800356444141842, -0.411198575745346850, -1.318118921365350138, 0.056107341288176286, 0.656154142415827923, 1.003800809256818916, 0.113628194209021482
0.289944043626716441, 0.783589012193933732, -1.239264253199216625, 0.098138341250687766, 0.045246381938819212, 0.668461834723520276, 1.009063967151555774, 0.122726553981522907
0.353170516225025377, 0.761665034019251230, -0.751482427240448447, -0.775408215910005527, 0.044158233747921605, 0.680769527031212518, 1.014327125046292633, 0.132553431452700321
0.431059897180179785, 0.738769922553009883, -0.939691265779045160, 1.874733238399338031, 0.043118156070996255, 0.693077219338904871, 1.019590282941029491, 0.061788514635694368
0.239901758819934030, 0.644453880478964347, -1.057841913766647046, -0.099459161367146220, 0.041170447159086111, 0.717692603954289465, 0.930393607040752468, 0.072079642700829089
0.302239178273740139, 0.655180638543951144, -0.661219250578080509, -0.566128164624152386, 0.040257506874611389, 0.730000296261981707, 0.935656764935489327, 0.077851155010169537
0.366869511503347345, 0.652154924409326875, -0.841856461578889048, -2.067587169803347003, 0.039381975908286355, 0.742307988569674060, 0.940919922830226074, 0.084084799942380023
0.451481515162054259, 0.634472871532717808, -0.446671466398122941, -2.428518414915791013, 0.038541680384555778, 0.754615680877366413, 0.946183080724962933, 0.090817581067698980
0.252719052081162021, 0.974698456966805904, -0.706749072893060548, -2.131715053579835040, 0.036958891941891614, 0.779231065492751007, 0.956709396514436650, 0.105943618047936228
0.314617239142514160, 0.943519790053294449, -0.889267080448621683, -0.010627428172987230, 0.036212801291931308, 0.791538757800443360, 0.961972554409173508, 0.114426663645118387
0.381242802656572344, 0.523301492735829155, -0.508965602091905112, 0.430164163350776008, 0.055165700091772053, 0.644793195670265828, 0.967235712303910367, 0.123588957921265855
0.475441476515635786, 0.530145514232496451, -0.994901392350674207, -1.871269281101019644, 0.053690698786506452, 0.657100887977958070, 0.972498870198647225, 0.133484889216343439
0.109491799154547237, 1.207667841349236548, -0.613961669667518972, -1.955007209561346215, 0.052285880626357549, 0.669408580285650423, 0.977762028093383972, 0.062222704765898064
0.201562190112189871, 0.959312143011277652, -0.796242616322321850, 0.219220856873520997, 0.050946596354841833, 0.681716272593342776, 0.983025185988120831, 0.067204959019951258
0.329703849601895138, 0.862182924991290456, -1.274700582157086703, 1.437455157445332921, 0.048447937925804381, 0.706331657208727370, 0.993551501777594548, 0.078398217896041969
0.399693005493347964, 0.847571396201271199, -0.762638523566465554, 0.745710833052804833, 0.039176638262803293, 0.718639349516419612, 0.998814659672331406, 0.084675666876961500
0.132642365605666362, 0.906354268790889650, -0.952957243443576352, -0.866776448677277100, 0.038330843861877260, 0.730947041824111965, 1.004077817567068154, 0.091455759499096179
0.215791861485466391, 0.798100621981111535, -0.576683831711616190, -1.267801739583567677, 0.037519123293448496, 0.743254734131804318, 1.009340975461805012, 0.098778743103495242
0.416437362746216511, 0.722359898733560879, -0.853499354888467399, -1.291715781401235663, 0.035269545253051898, 0.780177811054881265, 0.920158878946278014, 0.124457422004727952
0.152547451470038897, 1.280869262768152606, -0.463174661769247820, -1.755941460828190914, 0.034575930056958713, 0.792485503362573507, 0.925422036841014872, 0.134422892367427271
0.229382232250194051, 1.133471516751532571, -1.156855398049086325, -1.099171629380377047, 0.052668927932003715, 0.645739941232395975, 0.930685194735751731, 0.062659945965872238
0.292400459577025207, 0.517288160252188267, -0.717973997500351180, -1.466122695123552644, 0.051287721482726360, 0.658047633540088217, 0.935948352630488589, 0.067677210701016094
0.355864910413760560, 0.565922248328500577, -0.901533883427328653, 0.720710119157036200, 0.049971511285697434, 0.670355325847780570, 0.941211510525225448, 0.073096214458345340
0.170284795032028868, 0.991850787378950605, -1.009755309947544699, 0.266038817653016568, 0.047517339985661239, 0.694970710463165164, 0.951737826314699054, 0.085270685854892295
0.242491611079725056, 0.893635947596837288, -0.625996866643045657, 0.174445447538787768, 0.046371862405052221, 0.707278402770857517, 0.957000984209435912, 0.092098422433444349
0.455937409034333274, 0.430282665309086487, -1.208628461622770711, 1.755849751106091317, 0.043222850711541368, 0.744201479693934353, 0.972790457893646376, 0.116040474566063784
0.186487111679292772, 0.796157321239315818, -0.740327991638029315, -2.713824343772209602, 0.042259590807647948, 0.756509172001626706, 0.978053615788383235, 0.125331988816758666
0.255247232341110686, 0.755011404660436591, -0.926719204917550998, -0.386961082940275758, 0.034254307376470602, 0.768816864309319059, 0.983316773683120093, 0.135367486900626416
0.317110366940283162, 0.734728728710406176, -0.550599891894512306, -0.659938208494649237, 0.033588275162847070, 0.781124556617011301, 0.988579931577856952, 0.063100259675594628
0.384216350014374708, 0.717014500911790864, -1.041142634061836159, -0.768025579515907553, 0.032946763684036394, 0.793432248924703765, 0.993843089472593810, 0.068152780911747840
0.480835052965577936, 0.686611423844594837, -0.649607454664099304, -1.212633720649507474, 0.050186529638595545, 0.646686686794526233, 0.999106247367330669, 0.073609864204745523
0.114459341142073373, 1.513357249054866793, -0.830324599994361812, 1.441645386432706122, 0.048898321595899075, 0.658994379102218475, 1.004369405262067527, 0.079503903373472989
0.270236502491485897, 0.672811377378420117, -1.113386035121906259, 0.171686761528139720, 0.046497603416818231, 0.683609763717603069, 1.014895721051541244, 0.092745601383508222
0.332253584954993297, 0.670129860281689305, -0.695474872737378513, -0.386537112811615402, 0.045377609019311663, 0.695917456025295422, 0.920435887256527363, 0.100171864333282026
0.402927925257332786, 0.658770205481312821, -0.877186091333290063, -1.877846137811026495, 0.044306707387685648, 0.708225148332987664, 0.925699045151264222, 0.108192757977951401
0.136839220249449167, 1.213370521536174751, -0.494242710939991670, -2.193793326466893401, 0.043281870769359396, 0.720532840640679906, 0.930962203046000969, 0.116855895183597680
0.218555455255349251, 1.028622206354816937, -0.980518629388262064, 1.500580971779760464, 0.042300308630058341, 0.732840532948372370, 0.936225360940737827, 0.126212701241452563
0.282572068484736816, 0.974059763612162732, -0.601746415212379482, -2.580441470676147819, 0.041359445316112069, 0.745148225256064611, 0.941488518835474686, 0.136318719133821709
0.345204210995678162, 0.525574218044635000, -0.785005882063428917, -0.458000290221338147, 0.040456900157957623, 0.757455917563756853, 0.946751676730211544, 0.063543667485702518
0.419976685784808734, 0.548507810250310146, -0.349319219775170831, -0.185111317225237659, 0.039590469712608087, 0.769763609871449317, 0.952014834624948403, 0.068631692971574593
0.156243636171679162, 0.989205112065162373, -1.294894153938506820, -1.902621049553336441, 0.038758111884492991, 0.782071302179141559, 0.957277992519685261, 0.074127123386517002
0.232038149391266074, 0.877224165081475382, -0.768221103175431685, -1.625082610119354065, 0.037957931699423068, 0.794378994486833800, 0.962541150414422120, 0.080062580181953655
0.294857519486991737, 0.834754663240287242, -0.959711418577446795, 0.530005006967762871, 0.057697374314506798, 0.647633432356656269, 0.967804308309158867, 0.086473296852062648
0.438897244743005677, 0.790684689796171902, -1.084452502654685624, 0.229763542594193348, 0.044802478667508160, 0.672248816972040975, 0.978330624098632584, 0.100875775651980221
0.173632611680009485, 0.760154521677304351, -0.678441588423530084, -0.219424748153620008, 0.043733154477242450, 0.684556509279733216, 0.983593781993369443, 0.108953032406791758
0.245067376861830055, 0.729167482031527037, -0.859367601746831911, -1.702564494328498768, 0.042710756348364555, 0.696864201587425458, 0.988856939888106301, 0.117677045791343887
0.307175697046514096, 0.713904032890562479, -0.471167449566428975, -2.110558904082796339, 0.041732372728032603, 0.709171893895117922, 0.994120097782843049, 0.127099602464252448
0.189581885485357815, 1.127004681251367435, -0.907744056380952014, -0.849689826031335471, 0.039035515766540962, 0.746094970818194869, 1.009909571467053624, 0.069113970363790994
0.257765577892174580, 1.044208148597508101, -0.530211650799564005, -1.242638916846074748, 0.038208362267563939, 0.758402663125887111, 1.015172729361790482, 0.074648017367292901
0.319611007143864090, 0.573346208153607484, -1.017378384615115428, -1.390214052547219525, 0.037413713566005917, 0.770710355433579353, 0.920712895566776601, 0.080625182832601713
0.387227393334937775, 0.588643785342520598, -0.631953414371474342, -1.666974332603348596, 0.036649754398094293, 0.783018047741271817, 0.925976053461513460, 0.087080947840935105
0.486487333141123801, 0.573867010054741167, -0.813200965754201754, 0.593442823980459888, 0.035914799081659794, 0.795325740048964058, 0.931239211356250318, 0.094053634490604263
0.207342639630724940, 1.015155662836393136, -1.223446550478889172, 1.417643448362634118, 0.053143819399146364, 0.660887870226478769, 0.941765527145724035, 0.109718649311579167
0.272711649283539026, 0.949410781426789474, -0.745905782563798470, 1.208859382067498878, 0.051763532155666439, 0.673195562534171232, 0.947028685040460894, 0.118503966654151180
0.334815588717752244, 0.927742240823425934, -0.933170556954499020, -2.314365315824244540, 0.050447220743658025, 0.685503254841863474, 0.952291842935197641, 0.127992735974066824
0.406216242041924580, 0.519429567642950896, -0.557229866094215764, -2.283561332566891089, 0.049190750909714004, 0.697810947149555716, 0.957555000829934500, 0.138241283601398396
0.140919477749399030, 0.989566782786271193, -1.049398338608076298, 1.264428447711268610, 0.039690249254866784, 0.710118639457247958, 0.962818158724671358, 0.064439852529281111
0.221295006532625460, 0.860512692863323325, -0.655427699136757136, -2.808508340805821568, 0.038822778591261729, 0.722426331764940421, 0.968081316619408216, 0.069599636736709672
0.285030507709043812, 0.816065531175919734, -0.836077652063128118, -0.609000494631466216, 0.037990671430530649, 0.734734024072632663, 0.973344474514145075, 0.075172571688937512
0.347841281687585380, 0.791493326701411148, -0.438135036091295338, -0.856364031006190185, 0.037191873599737975, 0.747041716380325016, 0.978607632408881933, 0.081191738912452210
0.423589896774910935, 0.769822733606112752, -1.123660915638514668, -0.179013911423511529, 0.036424483640613479, 0.759349408688017369, 0.983870790303618681, 0.087692868815314323
0.159860336861285396, 1.360351632661081833, -0.701118963102432491, -0.786031360673064561, 0.035686739097611976, 0.771657100995709611, 0.989133948198355539, 0.094714552786607689
0.361319214774029451, 0.627568246520319395, -0.987654699173026063, -0.587894619912773253, 0.052125580765344126, 0.649526923480916785, 1.004923421882566004, 0.119336698319810919
0.442972416466731134, 0.615917470453531068, -0.607877901383154451, -1.000861095557157299, 0.050768947388765293, 0.661834615788609026, 1.010186579777302862, 0.128892145565402155
0.176923440828581940, 1.047691251485021402, -0.790618479045039901, -2.568690971558996949, 0.049475732780547205, 0.674142308096301268, 1.015449737672039721, 0.139212710108093274
0.247629960185080100, 0.948687280701323243, -0.360574641046514210, -2.981099314173161208, 0.048241792379437896, 0.686450000403993621, 0.920989903877025951, 0.060120100748408942
0.375400070711462031, 0.476541946526997995, -0.757059486894599787, -2.103912438085141723, 0.045936835786369951, 0.711065385019378216, 0.931516219666499667, 0.070133347704393556
0.465318893068012884, 0.505287798000782273, -0.946285390201905496, 0.074785863273972575, 0.044859112264163739, 0.723373077327070457, 0.936779377561236526, 0.075749017599584453
0.192634491427527865, 0.870678646854267324, -0.570267782033969328, 0.142884624320689824, 0.043827191526375327, 0.735680769634762921, 0.942042535455973273, 0.081814341609458038
0.260274869561869626, 0.812232349365160533, -1.066487789561290089, -1.971505212165604259, 0.042838339576891170, 0.747988461942455163, 0.947305693350710132, 0.088365324133600653
0.322119904597736262, 0.784188042408013652, -0.666984122420979042, -1.884917880239621368, 0.034649366364717743, 0.760296154250147405, 0.952568851245446990, 0.095440852491485664
0.390278135620669708, 0.763199534661538004, -0.847663013398615606, 0.241449881884027606, 0.033968111991811691, 0.772603846557839757, 0.957832009140183849, 0.103082927761681528
0.123856075541955768, 0.856465321583569583, -1.145353329153916855, 0.689747776533933599, 0.032680313464853131, 0.797219231173224352, 0.968358324929657566, 0.120251808049210873
0.210186948768137205, 0.764699016700335354, -0.712366870022562715, 0.214799518089263231, 0.049672690714494594, 0.650473669043046820, 0.973621482824394313, 0.129880529340978434
0.275182097379264579, 0.737648874778318420, -0.895375870344806701, -1.312917192752741435, 0.048407418291718581, 0.662781361350739173, 0.978884640719131172, 0.060542566873800031
0.337390734464970254, 0.720998299089048444, -0.516152641035829585, -1.716752001838285802, 0.047200554445334719, 0.675089053658431526, 0.984147798613868030, 0.065390290265014694
0.224011828573889321, 1.095781798449368294, -0.801879949703278805, -1.135470931885895984, 0.043894090469843050, 0.712012130581508362, 0.999937272298078605, 0.082389253951102540
0.287487612669105386, 0.578113965604881153, -0.381845415051084991, -1.679630474705949839, 0.042885973071276812, 0.724319822889200715, 1.005200430192815464, 0.088986270466705986
0.350496353055810672, 0.601766154247322715, -1.194665077801041031, -0.317127878359572568, 0.041920160787440881, 0.736627515196892957, 1.010463588087552322, 0.096111518818623648
0.427282335850889039, 0.599202784220741469, -0.734747490988670648, -1.018326440150599588, 0.040994150074650522, 0.748935207504585310, 1.015726745982289181, 0.103807295228524082
0.163402917314557056, 1.046896948103092306, -0.920333382532885991, 1.402879197779597131, 0.040105625884641415, 0.761242899812277662, 0.921266912187275300, 0.112119282632477668
0.237296884291466198, 0.931810218212795860, -0.543890074278810420, -2.736066931750418263, 0.039252444587690810, 0.773550592119970015, 0.926530070082012158, 0.121096821859657089
0.299776214348620396, 0.888452601787031004, -1.033061770012217329, 0.757786770736854853, 0.038432618692961197, 0.785858284427662257, 0.931793227976748906, 0.130793204524675216
0.364081683646466314, 0.869597990091794726, -0.643756438541726927, 1.943125087397654216, 0.037644303151613261, 0.798165976735354499, 0.937056385871485764, 0.060968001683955109
0.250180235894556402, 0.792374964029296858, -1.103445307376347273, 1.142364105934416951, 0.044937918095778011, 0.676035799220561673, 0.952845859555696340, 0.076817340208659435
0.378304688225353458, 0.745261735614080822, -0.871208654045844910, -0.760970072119257934, 0.042842381722872656, 0.700651183835946267, 0.963372175345169945, 0.089611580212183503
0.470277559030703007, 0.716610481412321310, -0.486691679927466980, -1.125058198722756586, 0.041862026275728603, 0.712958876143638620, 0.968635333239906804, 0.096786897942332598
0.195647294469351862, 1.200671692944217162, -0.973486681040284463, -1.229323184561613491, 0.040922977027551474, 0.725266568451330862, 0.973898491134643662, 0.104536752851791315
0.262775869661305228, 0.634297743110513124, -0.595564348128845844, -1.582164511220006675, 0.040022770753371149, 0.737574260759023215, 0.979161649029380521, 0.112907148892276391
0.324637820812310629, 0.644202649949908945, -0.779403192825627200, 0.898551337410110396, 0.039159131476748703, 0.749881953066715568, 0.984424806924117379, 0.121947773612753996
0.498715521059301115, 0.611638759322269410, -1.323337336716783774, 0.988104252459251486, 0.037533285198655821, 0.774497337682100051, 0.994951122713590985, 0.061396426039929564
0.100232948033415897, 1.462109369635000489, -0.775206707047464638, -0.176541736702913843, 0.036767317073172268, 0.786805029989792515, 1.000214280608327844, 0.066312519063721570
0.196364693105608751, 1.120522086241583226, -0.968277401691754691, -1.661980622473357094, 0.036030367678188381, 0.799112722297484757, 1.005477438503064702, 0.071622250156981287
0.263374959065088454, 1.047945809391783278, -0.590892802407819717, -1.882698398925493732, 0.056752346038025030, 0.640132294441317251, 1.010740596397801561, 0.077357138440478895
0.325243548936036964, 0.582174622105101069, -1.096191245331631370, 1.818763043363465837, 0.055211766959889476, 0.652439986749009493, 1.016003754292538419, 0.083551226812665635
0.394119741214430719, 0.592880432524511392, -0.685558953179243646, -2.349292551974296650, 0.053745316621636771, 0.664747679056701957, 0.921543920497524538, 0.090241284031890023
0.124940409299495431, 1.147049654833061316, -0.866751121651455847, -0.219530623594780816, 0.052348037819161738, 0.677055371364394198, 0.926807078392261396, 0.097467022979604745
0.210865295729280255, 0.950145500059379144, -0.480938601568098201, -0.083942169055676974, 0.042207987573198387, 0.689363063672086440, 0.932070236286998255, 0.105271336400196813
0.275774382101643178, 0.890164939647794751, -1.184683228650330378, -1.261512528869361383, 0.041242074371525113, 0.701670755979778793, 0.937333394181735113, 0.113700551516817627
0.338010824609792815, 0.863090454149273656, -0.730559393804423141, -1.535179574304238459, 0.040317104848496911, 0.713978448287471146, 0.942596552076471972, 0.122804705034639708
0.410373079704077548, 0.850686681054074745, -0.915584837011955810, 0.623225352773396191, 0.039430615554605045, 0.726286140595163388, 0.947859709971208719, 0.132637840163987386
0.224660623996882108, 0.716067187004260752, -1.027108714468062622, 0.219604564985237755, 0.037764152504239673, 0.750901525210548093, 0.958386025760682436, 0.066778499536891564
0.288077192714679575, 0.704152570857237814, -0.639346692158416774, -0.007325186489793634, 0.036980129805721254, 0.763209217518240335, 0.963649183655419295, 0.072125542302851647
0.351136368927822073, 0.692863488820016582, -0.820312968770204876, -1.579182331881794576, 0.036226459832590811, 0.775516909825932577, 0.968912341550156153, 0.077900729854023826
0.428180952468084852, 0.674417344680473985, -0.413527178133142770, -2.113231884341649991, 0.035501467803287196, 0.787824602133624929, 0.974175499444893012, 0.084138344309539606
0.300367060336896030, 0.535325914295486371, -0.941332750220569170, -0.829432766468794824, 0.051395318457163372, 0.665694424618831992, 0.989964973129103476, 0.106011081893802081
0.364748396152252408, 0.572135275408860222, -0.565411793855119416, -1.226981078943438774, 0.050083758573496458, 0.678002116926524345, 0.995228131023840334, 0.114499529410337017
0.448188061571562046, 0.571849731940110018, -1.059983819677758454, -1.413420950780475804, 0.048832226023993314, 0.690309809234216698, 1.000491288918577082, 0.123667658144663448
0.180930060598772924, 0.975671327172642378, -0.662662892451996943, -1.652746639449993449, 0.047636881755425985, 0.702617501541908940, 1.005754446813313940, 0.133569891070701829
0.250790565451459391, 0.889991928346694383, -0.843305419829202041, 0.544219691529356897, 0.046494197406298531, 0.714925193849601293, 1.011017604708050799, 0.062262327567545100
0.379006709787112372, 0.834304978379463602, -1.137026284104911245, 0.901545136736056074, 0.036701278847999397, 0.739540578464985887, 0.921820928807773887, 0.072632371100859336
0.471497327530703114, 0.440814870570844120, -0.708154611908998199, 0.685515495277966513, 0.035946579098582093, 0.751848270772678129, 0.927084086702510746, 0.078448141104119518
0.105579755425461885, 1.081491086836016136, -0.890789818634235120, -2.864668904463944621, 0.035221067877361512, 0.764155963080370482, 0.932347244597247604, 0.084729587502328355
0.199331193494472647, 0.868229972696541896, -0.510772762572655914, -2.619949341767950024, 0.034523128911518798, 0.776463655388062834, 0.937610402491984352, 0.091513997620240956
0.265866711352495899, 0.813430704444181973, -0.996731161017292200, 0.875081859756630220, 0.033851260832416880, 0.788771347695755187, 0.942873560386721210, 0.098841644428014311
0.397268222400746496, 0.765135380297080836, -0.797650647291651915, -0.905863670290417478, 0.050344296087614662, 0.654333477873269898, 0.953399876176194927, 0.115304121750451613
0.129368458502081507, 1.444301469405143035, -0.374048043993314372, -1.358115119112984992, 0.049058443629040514, 0.666641170180962250, 0.958663034070931785, 0.124536675257445731
0.213674603563885762, 0.673087841020703070, -1.279568562352336292, 0.379470440822676336, 0.047831896449078308, 0.678948862488654492, 0.963926191965668644, 0.134508491532894819
0.278239955099929104, 0.676903521249665685, -0.764033775020448780, -0.633621827756859379, 0.046660821211912361, 0.691256554796346845, 0.969189349860405391, 0.062699847198381509
0.149681571662581725, 1.174891277946404466, -1.077604239010503173, 0.073874712490537897, 0.043446622012232129, 0.728179631719423792, 0.984978823544615967, 0.078999399032895795
0.227350992869788382, 1.021676559703240228, -0.674155665377829227, -0.404376105032747235, 0.042464938753389275, 0.740487324027116034, 0.990241981439352825, 0.085324985382446539
0.290533559991762835, 0.975117020474736806, -0.854963341241429919, -1.888737930941024823, 0.041523703521719864, 0.752795016334808387, 0.995505139334089684, 0.092157069795975682
0.353815281746186816, 0.536148221040168904, -0.465188191254136074, -2.262465863151257750, 0.040620567936844022, 0.765102708642500628, 1.000768297228826542, 0.099536208243260274
0.167700053752104367, 0.969420006755214447, -0.719374302688959855, -1.980903427283132290, 0.032208860407359062, 0.789718093257885223, 1.011294613018300259, 0.116114367990080916
0.240524657565734129, 0.873089604744473835, -0.903081418809195458, 0.139419663315633824, 0.049186241579687658, 0.642972531127707803, 1.016557770913036896, 0.125411798984953637
0.302830755886795422, 0.834137188748636516, -0.524986564778932019, 1.033136509079506826, 0.047931297150303746, 0.655280223435400044, 0.922097937118023236, 0.135453687574529968
0.367542523208602145, 0.811790461388575579, -1.011648225878596818, -2.723422695486039657, 0.046734608908141892, 0.667587915743092397, 0.927361095012759984, 0.063140441295509886
0.452537860017125149, 0.790860525902839284, -0.627489645398363827, -2.192190312867051460, 0.045592374116968537, 0.679895608050784639, 0.932624252907496842, 0.068196179927105957
0.184105327698334376, 0.760141432711413434, -0.808947739663557819, -0.078379411588078263, 0.044501105138221343, 0.692203300358476992, 0.937887410802233701, 0.073656738236654348
0.315214943966507788, 0.715243512743432674, -1.212247773052870237, 0.866934539415221028, 0.042458905042071018, 0.716818684973861586, 0.948413726591707418, 0.085924567145032410
0.381953146969208124, 0.699912045863255616, -0.741722632265607640, 0.154011738352671124, 0.041502309561418059, 0.729126377281553939, 0.953676884486444276, 0.092804660863180150
0.476713980198260778, 0.671373921098881166, -0.928325753784486563, -1.313881991910137437, 0.040585304725904894, 0.741434069589246292, 0.958940042381181024, 0.100235652783591672
0.110701979260609817, 1.494590199941308706, -0.552264692503844579, -1.682468033254350459, 0.039705573738329031, 0.753741761896938534, 0.964203200275917882, 0.108261654053831341
0.330314712942507027, 0.648878041426259822, -0.831760554602959501, -1.127450702500000901, 0.037269355740262571, 0.790664838820015481, 0.979992673960128458, 0.136405525542982770
0.400464689835395793, 0.641711845526461655, -0.431596055127711042, -1.612049825574348505, 0.056787772419630962, 0.643919276689837949, 0.985255831854865316, 0.063584131463316249
0.133660776583777535, 1.195120979553619289, -1.115922192045108563, -0.849885881196054793, 0.055251321503257567, 0.656226968997530191, 0.990518989749602063, 0.068675396953385481
0.216457389375789483, 1.006169541720954186, -0.696887298258997201, -1.312869802667899766, 0.053788479310679559, 0.668534661305222544, 0.995782147644338922, 0.074174326803945728
0.280702354644224827, 0.948546373310832025, -0.878686787486343102, 0.989131180262876830, 0.043365114819747155, 0.680842353612914897, 1.001045305539075780, 0.080113563239437816
0.417280328954900304, 0.440474113634254649, -0.982292639798544975, 0.397125124669520213, 0.041384513731914853, 0.705457738228299380, 1.011571621328549497, 0.093456802576268289
0.153442091593220115, 0.868734875254301930, -0.603283914555642009, 0.807388447222010974, 0.040456973526441779, 0.717765430535991844, 1.016834779223286356, 0.100940012346040484
0.230021356190544535, 0.789491941648229778, -0.786408039051094687, -2.831731092718487552, 0.039567929844150557, 0.730073122843684086, 0.922374945428272475, 0.109022412617892181
0.435872151136916464, 0.717085723399188635, -0.769617485786512789, -2.208729459931425776, 0.037109935893115620, 0.766996199766761033, 0.938164419112483050, 0.137364052111313611
0.171093662986487816, 1.230037624443326649, -0.961413392329912408, 0.017258910953354911, 0.036353829067151372, 0.779303892074453275, 0.943427577007219909, 0.064030939458001354
0.243111044969276546, 0.597853168672730750, -0.584614897038895132, -0.076642200135971006, 0.035626438298851051, 0.791611584382145739, 0.948690734901956656, 0.069157981455064951
0.305297917877847047, 0.626910291731384017, -1.086766845777141555, -0.275999613711777059, 0.054279688643204912, 0.644866022251968096, 0.953953892796693514, 0.074695552484845523
0.370363820528239018, 0.630204140165053328, -0.679867569634106328, -0.814746117942157899, 0.052837661313960782, 0.657173714559660449, 0.959217050691430373, 0.080676524149877277
0.255852502440838681, 0.945289032189497447, -1.171951722194142453, 0.174985735404145082, 0.048904134960850665, 0.694096791482737396, 0.975006524375640948, 0.101649321468645193
0.317709807640852715, 0.912699120965838051, -0.724970371277412595, -0.543597150173676713, 0.047709966533207387, 0.706404483790429638, 0.980269682270377696, 0.109788517059935808
0.384935500158980204, 0.489888179537379731, -0.909305107653711531, -2.150878145357528748, 0.046568213947567202, 0.718712176098121880, 0.985532840165114554, 0.118579428805512005
0.482166797798441404, 0.507255135695695913, -0.531941350772224375, -2.272095857019115428, 0.037643425294026131, 0.731019868405814344, 0.990795998059851413, 0.128074240479678442
0.115623243913060364, 1.141981829295569018, -1.019306046920064102, 1.292963374160059464, 0.036854314904927341, 0.743327560713506585, 0.996059155954588271, 0.138329314280556087
0.205160966197939887, 0.927375192439179541, -0.633436606163025440, -2.739302945006352630, 0.036096224331866870, 0.755635253021198827, 1.001322313849325019, 0.064480887188647626
0.270831003246406965, 0.866122934218557128, -0.814620963189573111, -0.580727795493681587, 0.035367410724023433, 0.767942945328891291, 1.006585471744061877, 0.069643957095516004
0.332867314508156431, 0.837081363514619148, -0.404111411408279053, -0.755497035876508738, 0.034666256809972512, 0.780250637636583533, 1.011848629638798736, 0.075220440837482805
0.403712126858776721, 0.818939636433320128, -1.227300808182913983, -1.465356656842535354, 0.033991259953632488, 0.792558329944275775, 1.017111787533535594, 0.081243441007023784
0.137828752025450724, 0.841159960304133425, -0.747299990193544206, -1.587849719301710927, 0.051786057158684638, 0.645812767814098243, 0.922651953738521824, 0.087748710764969179
0.219215089652738754, 0.764295600776320083, -0.934794077539788937, 0.559728982367421635, 0.050437651231584765, 0.658120460121790707, 0.927915111633258682, 0.094774866075016978
0.345835523012769874, 0.721742626427404277, -1.051491081305126141, 0.205470908864294310, 0.047926299346591796, 0.682735844737175190, 0.938441427422732288, 0.110560004945640528
0.420836925052432753, 0.701670376016716557, -0.656878197249563756, -0.134259135745437241, 0.046755407118356497, 0.695043537044867654, 0.943704585317469147, 0.119412690746442451
0.157118682400918502, 1.230773269792464042, -0.837519863163830203, -1.646755421406157938, 0.045636279265519851, 0.707351229352559896, 0.948967743212206005, 0.128974222806126637
0.232672843509066696, 1.091497753711792473, -0.440288173917626202, -2.122614163875013560, 0.044565704318306643, 0.719658921660252138, 0.954230901106942864, 0.139301359382021706
0.439865198100808374, 0.599566707413782485, -0.884716101054238369, -0.825656807503792667, 0.041616832620531716, 0.756581998583329085, 0.970020374791153328, 0.070178007925053992
0.174427473585780368, 1.026748763417947297, -0.503501001697754802, -1.211717331121484165, 0.040713066507524792, 0.768889690891021327, 0.975283532685890187, 0.075797253823171942
0.245683565656173664, 0.927378911790416538, -0.989455736592930291, -1.327512679232176751, 0.032986753589802534, 0.781197383198713791, 0.980546690580627045, 0.081866440171255883
0.307769225625753706, 0.888431502087040581, -0.609403208105076422, -1.644558906450302782, 0.032363779368175902, 0.793505075506406032, 0.985809848475363903, 0.088421594296136899
0.373213840018472853, 0.872407277585600660, -0.792023367205947459, 0.707636065040317952, 0.049306783370717269, 0.646759513376228501, 0.991073006370100762, 0.095501628280347986
0.190318264751355271, 0.844770282726761801, -1.260730544731015756, 1.715669121398344821, 0.046853708826753417, 0.671374897991613206, 1.001599322159574479, 0.111407812347996557
0.258368604577181471, 0.791296243281724210, -0.758453999638356136, 1.840345572125772655, 0.045710523101666935, 0.683682590299305448, 1.006862480054311337, 0.120328383208647582
0.387955864746624357, 0.745264978898343533, -0.571877954686832890, -2.475401271651230140, 0.043573501273421390, 0.708297974914690043, 1.017388795843784832, 0.060581119780290786
0.487886113262479604, 0.713000637556536754, -1.068682709366609807, 1.055198445824447440, 0.042573550753571006, 0.720605667222382396, 0.922928962048771062, 0.065431930153710641
0.208027950476827650, 0.732084420939000835, -0.849119224559328645, -0.798164534218630872, 0.040697241800665411, 0.745221051837766879, 0.933455277838244779, 0.076329883871015067
0.273304959363372124, 0.714733971234166265, -0.457070200847898733, -1.171815514817871495, 0.039816084020790440, 0.757528744145459232, 0.938718435732981638, 0.082441718611381040
0.335432391622986048, 0.702273196435424962, -1.148184491612844527, -0.363351519648990706, 0.038970021313926767, 0.769836436453151585, 0.943981593627718496, 0.089042936041712373
0.407013758387616442, 0.685850965395268242, -0.713769588488722850, -0.987339274151313950, 0.038157075383941266, 0.782144128760843826, 0.949244751522455354, 0.096172721681155426
0.141882430669490939, 1.244524128976125521, -0.896910646638669040, 1.573161554182156863, 0.037375410143092730, 0.794451821068536179, 0.954507909417192213, 0.103873398685193644
0.285620309662757088, 1.023669542751527217, -1.004126072257450097, -0.383796271352931484, 0.055286335523593154, 0.660013951246051001, 0.965034225206665819, 0.121173935115512499
0.348476816784582422, 0.465579232610407512, -0.621503429259027129, -0.794925327783209790, 0.044567714651460970, 0.672321643553743242, 0.970297383101402677, 0.130876492340901790
0.424468644119218197, 0.514143334067361013, -0.803291541480252835, -2.304424202265047406, 0.043506811504478632, 0.684629335861435595, 0.975560540996139536, 0.061006825503116112
0.160717124506143588, 0.934098735939796754, -0.384400199877386495, -2.750017068441246160, 0.042492389335003357, 0.696937028169127948, 0.980823698890876394, 0.065891722696716795
0.297906158512541153, 0.802976325510576627, -0.736142955861141091, -2.047641444874547467, 0.040591692463036469, 0.721552412784512542, 0.991350014680350000, 0.076866256729495222
0.361979969441275584, 0.780410725271074024, -0.921923895897287182, 0.093025368366920103, 0.039700317061762400, 0.733860105092204784, 0.996613172575086859, 0.083021039553940371
0.443967374621011435, 0.756705499366745693, -0.545575267604872183, 0.419637904081057389, 0.038845180382722368, 0.746167797399897137, 1.001876330469823717, 0.089668643978237775
0.177705148115168604, 0.679147665410715473, -1.035066259961926249, -1.782096172766159059, 0.038024191060766439, 0.758475489707589379, 1.007139488364560576, 0.096848530879596079
0.248243116413653320, 0.685035635009015653, -0.645222193706907698, -1.856123428856091273, 0.037235411876015534, 0.770783182015281731, 1.012402646259297434, 0.104603320819845025
0.310245366384961974, 0.681240590439740168, -0.826025552584394918, 0.299012411468050354, 0.036477046049626642, 0.783090874322974084, 1.017665804154034292, 0.112979047045561748
0.466491416481982335, 0.648096149703900393, -1.105900835183612374, 0.636293725484569195, 0.054338551433091832, 0.648653004500488795, 0.928469128253757270, 0.131796166192670844
0.193361108424702055, 1.078369401089899204, -0.691231610877430458, 0.341453980330903573, 0.052899247179544931, 0.660960696808181147, 0.933732286148494128, 0.061435522675473933
0.260875837407119726, 0.997918124650730154, -0.872699288410780372, -1.273636847505268177, 0.051527908438073151, 0.673268389115873500, 0.938995444043230987, 0.066354746218575456
0.322723352896756188, 0.521646621983238745, -0.488591990308608670, -1.709091829266768281, 0.050220063292317652, 0.685576081423565742, 0.944258601937967734, 0.071667858495965617
0.101321550404740113, 1.308043577567753024, -0.780803024787279032, -1.485894848618005248, 0.038620069079840239, 0.722499158346642689, 0.960048075622178310, 0.090298748787095096
0.196960892837862223, 1.007309772996635600, -0.340568025345374337, -2.168311645259556109, 0.037794731676747788, 0.734806850654335042, 0.965311233516915168, 0.097529089013750611
0.263873875603041930, 0.932326019054611876, -1.311466637939703528, -0.170247202722370705, 0.037002370062088591, 0.747114542962027284, 0.970574391411652027, 0.105338372143772951
0.325748761342960547, 0.903023136722956532, -0.772411308773014338, -1.096834206309106108, 0.036241104333693437, 0.759422235269719526, 0.975837549306388774, 0.113772954901030190
0.394745734292593131, 0.486010635980638372, -0.964834009740961673, 1.180905998600223716, 0.035509191878477120, 0.771729927577411989, 0.981100707201125632, 0.122882905853572560
0.125837475646978419, 0.995558684787860471, -0.587761043307116204, -2.827254228369814104, 0.034805015255166043, 0.784037619885104231, 0.986363865095862491, 0.132722302625905092
0.211429350604034172, 0.846180533619635633, -1.091444927277803512, 0.759719411282370194, 0.034127071323158835, 0.796345312192796473, 0.991627022990599349, 0.061867232318388504
0.276267782941953421, 0.800532935340724672, -0.682715713345219299, 0.732796310514328475, 0.051872815713899192, 0.649599750062618941, 0.996890180885336208, 0.066821023423491999
0.338528193439540548, 0.775939323600628783, -0.863791039391722637, -2.790747061749347058, 0.050525580143033863, 0.661907442370311294, 1.002153338780072955, 0.072171471133285869
0.411052195283222288, 0.754515114673109499, -0.477058307466282028, -2.707679472118884600, 0.049241248844919309, 0.674215134678003647, 1.007416496674809814, 0.077950336266647297
0.146608449235289151, 1.361539793763920203, -1.178239385545591711, 1.766796547310644616, 0.048015714137194715, 0.686522826985695889, 1.012679654569546672, 0.084191922773221475
0.225200354127461366, 0.660790112511873584, -0.727765663909630045, -2.573253230626610488, 0.046845207854396671, 0.698830519293388241, 1.017942812464283531, 0.090933281365265378
0.288568486341960251, 0.667822447886284198, -0.912437765748184137, -0.327407691138080159, 0.045726267703901674, 0.711138211601080594, 0.923482978669269761, 0.098214429454562324
0.351670566526220807, 0.664020906714993142, -0.535383280595656430, -0.529376921979590076, 0.044655707483941258, 0.723445903908772836, 0.928746136564006619, 0.106078588699976287
0.428933605277676322, 0.649162225040210150, -1.023188669150140617, -0.701771548673176038, 0.043630590662196087, 0.735753596216465078, 0.934009294458743367, 0.114572441575752734
0.164939443937487995, 1.122594077946483360, -0.636396113335451541, -1.143105978366234954, 0.042648206885860809, 0.748061288524157542, 0.939272452353480225, 0.123746408483583231
0.238444941160879942, 1.000735802439456146, -0.817464506936418589, 1.843028390795446114, 0.041706051054996779, 0.760368980831849783, 0.944535610248217083, 0.133654947053398560
0.365305119621502972, 0.531403882331962674, -1.235206783326335600, 0.845806843801538477, 0.033140939817358703, 0.784984365447234378, 0.955061926037690800, 0.067290577175215124
0.449047329241638482, 0.543408043129350649, -0.750088288142931270, 0.018409472637726187, 0.032514308673536128, 0.797292057754926731, 0.960325083932427659, 0.072678622674848453
0.181568990128108732, 0.934963687672155319, -0.938054368571910269, -1.429880575884424410, 0.049421193000976082, 0.650546495624749199, 0.965588241827164406, 0.078498096102801146
0.251298677585241104, 0.856837949811729116, -0.562152631238511669, -1.763805073074686369, 0.048165248697366332, 0.662854187932441441, 0.970851399721901265, 0.084783542463815018
0.379593220054288694, 0.801325722483206548, -0.659773941519915974, -2.180432234731568553, 0.045823308970416136, 0.687469572547826147, 0.981377715511374982, 0.098904585807473355
0.472523046815465309, 0.776914781416854439, -0.840409236917600611, -0.075388337803418581, 0.044730124576464032, 0.699777264855518388, 0.986640873406111840, 0.106824006784729197
0.266364241713065997, 0.780764574160993874, -0.705342764457318805, -1.967828154828167309, 0.041724430793624215, 0.736700341778595336, 1.002430347090322416, 0.134594145207062504
0.328281039939558372, 0.757297132427418251, -0.887747243049334722, 0.145179017506304131, 0.040804845811632490, 0.749008034086287577, 1.007693504985059274, 0.062739773839600152
0.130237394939641038, 1.382373570690970999, -0.993078973593217174, -0.236824222648631399, 0.039075077677663855, 0.773623418701672283, 1.018219820774532769, 0.073189337988661618
0.214233235427994384, 1.168746297330365502, -0.612445049557773791, -0.591770019161412142, 0.038260801431995978, 0.785931111009364525, 0.923759986979518999, 0.079049705067162426
0.278732667358344843, 0.523879934641807488, -0.794835409978656204, -2.065155971363358045, 0.037477779103181688, 0.798238803317056989, 0.929023144874255857, 0.085379319487401711
0.341123857449543877, 0.575108100326836014, -0.368733378010679125, -2.627247099215671344, 0.056844663039182439, 0.651493241186879235, 0.934286302768992716, 0.092215754504566164
0.227886629118909612, 0.919394633119893778, -0.951281746911951109, -0.711477466493021904, 0.043642774318558848, 0.688416318109956182, 0.950075776453203291, 0.116188308468698029
0.291024829538355123, 0.871588549625708531, -0.575085921552304535, -1.105044433692828232, 0.042626293272419569, 0.700724010417648646, 0.955338934347940039, 0.125491659975472680
0.354353488000985317, 0.848301612289245277, -1.073114541090852914, -1.230972749717956560, 0.041653382468867649, 0.713031702725340888, 0.960602092242676897, 0.135539943140168206
0.432750648341545086, 0.437502751609437524, -0.671291445275100651, -1.544989359899028303, 0.040721399681555949, 0.725339395033033130, 0.965865250137413756, 0.063180648502682429
0.168383745879891439, 0.833913816178114331, -0.852037362257145992, 0.683596449807979623, 0.039827906872637195, 0.737647087340725593, 0.971128408032150614, 0.068239606578526915
0.303323889335027963, 0.749102082812009518, -1.153934692551827457, 1.047991962513499464, 0.038147548022132674, 0.762262471956110077, 0.981654723821624220, 0.079605190207694493
0.368104560617163845, 0.730617824499986579, -0.716573126896013712, 0.904743088117991423, 0.037356665849766789, 0.774570164263802541, 0.986917881716361078, 0.085979283057710978
0.453424344904698295, 0.705202906381785621, -0.899989607315164752, -2.608309139793412612, 0.036596212691384661, 0.786877856571494783, 0.992181039611097937, 0.092863757951343301
0.184734681451151017, 1.187735218541303484, -0.521472282632651551, -2.500748907341880933, 0.035864523939549302, 0.799185548879187024, 0.997444197505834795, 0.100299481853754216
0.253832713867732207, 0.590858008273594248, -1.007870733826281118, 1.008609955624657939, 0.056491229652322832, 0.640205121023019519, 1.002707355400571654, 0.108330594002049502
0.382546679225709951, 0.622472344282130718, -0.806117620770471777, -0.798963936290917665, 0.053503376658492224, 0.664820505638404224, 1.013233671190045371, 0.126373494415181892
0.477784758055471048, 0.603273815895283172, -0.389446372888145154, -1.174222420278572709, 0.052114903486977039, 0.677128197946096466, 1.018496829084782229, 0.136492387229604800
0.111701619979383965, 1.339475117723227804, -1.205062426685887145, 0.124594358130263316, 0.050790590734037765, 0.689435890253788819, 0.924036995289768348, 0.063624621207989798
0.202844902405097061, 1.064885662668065391, -0.738933181678689266, -0.674424649282672095, 0.041026932601333770, 0.701743582561481061, 0.929300153184505207, 0.068719128765458798
0.401110000124950350, 0.558901532757357766, -1.039106507695521042, -0.415377805168065328, 0.038386279478065097, 0.738666659484558008, 0.945089626868715671, 0.086583462593758348
0.134503979724491879, 1.062748800316019482, -0.648147668188153725, -0.881636382576703403, 0.037576443891660288, 0.750974351792250250, 0.950352784763452529, 0.093516314941810383
0.217010891618583612, 0.904588135191386589, -0.828890134486075958, -2.499310002621925264, 0.036798459280946494, 0.763282044099942714, 0.955615942658189388, 0.101004289945390832
0.281194512812660780, 0.852571658373170171, -0.427167811344824733, -2.736659473903835682, 0.036050540677782114, 0.775589736407634955, 0.960879100552926246, 0.109091837009623299
0.343734922185161440, 0.826284585958292905, -1.110870741558468211, 1.714530073332112048, 0.035331031169905214, 0.787897428715327197, 0.966142258447663105, 0.117826964662279723
0.417985883391994162, 0.807703526568525176, -0.694061467560217915, -2.457556584553280743, 0.053955849993820637, 0.641151866585149666, 0.971405416342399852, 0.127261525537437192
0.154183930738818947, 0.801453552144705927, -0.875687968682611784, -0.298947715327024188, 0.052521089115183335, 0.653459558892842018, 0.976668574237136711, 0.137451524178153484
0.230553128446592648, 0.748765084625138355, -0.492367371869517512, -0.342556982606283533, 0.051154563471858899, 0.665767251200534371, 0.981931732131873569, 0.064071713725577212
0.293481447603218204, 0.728100325209103061, -0.978751124301907249, -2.557009526623016615, 0.049851745453068252, 0.678074943508226613, 0.987194890026610428, 0.069202020572165582
0.357057158055602564, 0.712554122601252060, -0.600205755251800754, -2.242584496721705456, 0.048608487180992400, 0.690382635815918966, 0.992458047921347286, 0.074743117872289835
0.436662444333595690, 0.690907744817739200, -0.783604344213012949, -0.112528116790665988, 0.047420982362127523, 0.702690328123611319, 0.997721205816084034, 0.080727898160794870
0.243626629315233934, 1.070617197940191945, -1.289658235454127055, 1.284100798159822698, 0.045199517413543944, 0.727305712738995802, 1.008247521605557750, 0.094173457473883782
0.305791825897662017, 0.582703253325027593, -0.766825040253950485, 0.371233376938905124, 0.044159367979869212, 0.739613405046688266, 1.013510679500294609, 0.101714050749014129
0.370931475465231364, 0.599139241250679744, -0.958014894625862756, -1.096256568914143914, 0.035759685728027256, 0.751921097354380508, 1.018773837395031467, 0.109858429299382082
0.457945127579918565, 0.589687814938157917, -0.581453947903931900, -1.480242809874869003, 0.035040173699329998, 0.764228789662072749, 0.924314003600017697, 0.118654939010422858
0.318209679418491043, 0.876503056641206646, -0.857897430458887000, -0.939321830774070055, 0.051435166899214894, 0.642098612147279924, 0.940103477284228162, 0.064521947978478503
0.385536462679735015, 0.861654754126095379, -0.469184409969183591, -1.357449194968312067, 0.050095541702425486, 0.654406304454972165, 0.945366635178965020, 0.069688305677087475
0.483288269979522955, 0.473630141605328292, -1.165810712277866923, -0.524045379943245404, 0.048818866462541501, 0.666713996762664518, 0.950629793073701879, 0.075268340468627404
0.116585203718284763, 1.083967594935844048, -0.722173317347806543, -1.130195714304692345, 0.047600997889083167, 0.679021689070356871, 0.955892950968438737, 0.081295176024976726
0.205736814152396474, 0.889813218405346773, -0.906186457109649401, 1.233961691669791083, 0.046438138120941948, 0.691329381378049113, 0.961156108863175485, 0.087804588274224118
0.271326190236328257, 0.834195127444861018, -0.528476012274472495, -2.867055564058839767, 0.045326800187017451, 0.703637073685741354, 0.966419266757912343, 0.094835217770330507
0.333379304123737508, 0.806375012703357763, -1.015459623030671388, 0.619297984563313531, 0.044263777468248743, 0.715944765993433818, 0.971682424652649201, 0.102428799067510679
0.404368009844559673, 0.785701933566573363, -0.630467881707737710, 1.312035007949476029, 0.043246116636629035, 0.728252458301126060, 0.976945582547386060, 0.110630408460925422
0.283653988511995470, 0.632408143588639726, -1.219654572107831791, 1.742364436405066774, 0.040439085064350941, 0.765175535224203007, 0.992735056231596635, 0.139390065106929056
0.346362372461331169, 0.638729319352785541, -0.744511503304451261, -2.791734155451488508, 0.039577616487468249, 0.777483227531895249, 0.997998214126333383, 0.060196692895706151
0.421557091731018407, 0.629541891392586872, -0.931551370038714355, -0.420322472145621573, 0.038749787371960651, 0.789790919839587713, 1.003261372021070352, 0.065016721700110289
0.157844447701257162, 1.106279729832212899, -0.555579610259806733, -0.718646667723733312, 0.048929083613409134, 0.643045357709410181, 1.008524529915806989, 0.070222696584900240
0.233200971877895069, 0.975040830516444745, -1.047317331011065722, -0.808565055138178668, 0.047683781062815796, 0.655353050017102423, 1.013787687810543847, 0.075845520763108507
0.295938999883197440, 0.929685099267535842, -0.653975408027519745, -1.249393297891178367, 0.046496202453960626, 0.667660742324794665, 1.019050845705280706, 0.081918571908901464
0.359782792638327797, 0.482294497384097243, -0.834637050524407731, 1.310360657819880537, 0.045362583514021511, 0.679968434632486907, 0.924591011910266936, 0.088477900290954870
0.175087387464216482, 0.910176614470344703, -1.121059106936507677, 0.149526680837573145, 0.043243694977289610, 0.704583819247871612, 0.935117327699740652, 0.103214253935268424
0.246196485223360989, 0.832761614989489307, -0.699709316941161230, -0.434724311789521867, 0.042252334844635538, 0.716891511555563854, 0.940380485594477511, 0.111478755738631904
0.308264044989449482, 0.799518447706935032, -0.881696058237450897, -1.940880791636582003, 0.041302701572638670, 0.729199203863256318, 0.945643643489214369, 0.120405007130386807
0.373787433362332222, 0.777802142009867747, -0.499820870754281277, -2.223746295635177894, 0.040392312822829915, 0.741506896170948560, 0.950906801383951117, 0.130045995275174880
0.462623842135595931, 0.751734259373873281, -0.985860573188954148, 1.431329158120083767, 0.039518874365650609, 0.753814588478640801, 0.956169959278687975, 0.060619697236890285
0.190930083559957997, 0.684300931544814750, -0.606349612926156523, -2.623617765144094616, 0.038680262916564588, 0.766122280786333265, 0.961433117173424834, 0.065473596558274991
0.258870736178355154, 0.686018743451849655, -0.789214312039135168, -0.496977252073703912, 0.037874510792214808, 0.778429973094025507, 0.966696275068161692, 0.070716154017130550
0.320713860101455583, 0.681044845611032179, -0.357802629186806276, -0.398423430843593884, 0.037099792167753706, 0.790737665401717749, 0.971959432962898551, 0.076378489984486694
0.388564693352205281, 0.669969317081758553, -1.251893384258202513, -0.790611397845905062, 0.056529634490815668, 0.643992103271540217, 0.977222590857635298, 0.082494216680635168
0.489065048795519930, 0.641050185168964171, -0.755665097695521815, -1.352152468092434612, 0.055002879215548563, 0.656299795579232681, 0.982485748752372157, 0.089099637700795251
0.121291577141051682, 1.379080147336916307, -0.944629745081308703, 0.841670361648809706, 0.053549196556963628, 0.668607487886924923, 0.987748906647109015, 0.096233963517063481
0.273799184588154720, 0.588192808613933527, -1.064306507297251958, 0.456036973703456472, 0.041620087044621813, 0.693222872502309406, 0.998275222436582732, 0.112262120992748890
0.335946981074298157, 0.612095710640714441, -0.665545297853351592, 0.239317743996477761, 0.040676989715026673, 0.705530564810001870, 1.003538380331319591, 0.121251097476324954
0.407680890503119731, 0.611487278129720035, -0.846208663758908908, -1.385183898468849817, 0.039773547439432927, 0.717838257117694112, 1.008801538226056449, 0.130959833193984104
0.142680252864494012, 1.117263728611579188, -0.452945415757582071, -1.862059741249239675, 0.038907391188107474, 0.730145949425386354, 1.014064696120793307, 0.061045674044900335
0.349007231943698482, 0.885405103575919394, -0.893844169837672564, -1.102655830177109664, 0.036511562238298399, 0.767069026348463301, 0.930131178115253143, 0.076915204399886639
0.425204474148635603, 0.484313444606413401, -0.514366176866134284, -1.517995826775314416, 0.035774236657470045, 0.779376718656155654, 0.935394336009989891, 0.083073906529028532
0.161427904978356906, 0.896769630749272295, -1.000413210845623624, -1.789056304033173950, 0.035064756581588676, 0.791684410963848006, 0.940657493904726749, 0.089725744081932651
0.235831232643900324, 0.813598061232708503, -0.618494829834361104, -1.906844567547697711, 0.053430942518024181, 0.644938848833670475, 0.945920651799463608, 0.096910203064103112
0.298398147481444609, 0.780595338386808724, -0.800469287697540777, 0.275233918159548008, 0.052020499337054729, 0.657246541141362717, 0.951183809694200466, 0.104669931177720985
0.444801710810429740, 0.734846558766974245, -1.191293743058068344, 1.089916899802247485, 0.049395153637120402, 0.681861925756747422, 0.961710125483674183, 0.122103133329767799
0.178354248319205599, 1.253454168393912660, -0.733351758749865135, 0.672437481145021554, 0.048171826819067801, 0.694169618064439664, 0.966973283378411042, 0.131880092684946298
0.248753547051687368, 0.648135251928747880, -0.918746737840987482, -2.954603178129791452, 0.047003022068225847, 0.706477310372131906, 0.972236441273147789, 0.061474644207368291
0.310741235616597333, 0.655951827350558792, -0.542199596454439270, -2.536046912919760921, 0.045885337915238092, 0.718785002679824370, 0.977499599167884647, 0.066397000263263006
0.376674094763013279, 0.651263616738042228, -1.031067464198993422, 0.964813424941747932, 0.044815641712948738, 0.731092694987516611, 0.982762757062621506, 0.071713495877888139
0.193964894402577970, 1.048320796527349774, -0.823166574478620849, -0.846066601154524367, 0.035480027022665429, 0.755708079602901206, 0.993289072852095223, 0.083657669878981780
0.261376286670402247, 0.968546161874893174, -0.418135802426798764, -1.245606061779882090, 0.034770833186068009, 0.768015771910593559, 0.998552230746831970, 0.090356250135286698
0.323226630943718118, 0.942754517248770574, -1.101008811519628150, -0.490227310046832621, 0.034088376705270457, 0.780323464218285801, 1.003815388641568829, 0.097591194570931822
0.391633640342899880, 0.527692435847403996, -0.688397512165691339, -1.030991835536112955, 0.033431211863925440, 0.792631156525978153, 1.009078546536305687, 0.105405450575046203
0.495153179587863257, 0.527020974933341546, -0.869720439679000146, 1.639394248179177893, 0.050940341773864944, 0.645885594395800622, 1.014341704431042546, 0.113845404391000146
0.197555626350133129, 0.979021576690425888, -0.971744245940786566, -0.458650703588799113, 0.048367846594978198, 0.670500979011185216, 0.925145028530765523, 0.132806818872681393
0.264372503273975823, 0.906791339915437478, -0.594010579293300700, -0.834583266591831241, 0.047169801527782163, 0.682808671318877569, 0.930408186425502381, 0.061906628758704396
0.326254379610116441, 0.876037597440449067, -0.778003879222066597, -2.314036739471447834, 0.046025528678750316, 0.695116363626569811, 0.935671344320239240, 0.066863574388881922
0.395373556997842712, 0.863584860540055677, -0.334573454876413989, -2.905416881672765683, 0.044931639529802246, 0.707424055934262164, 0.940934502214976098, 0.072217429210744047
0.211992296642013911, 0.733510587619091270, -0.776954719135015681, -1.784119726520652316, 0.042882786779048207, 0.732039440549646758, 0.951460818004449815, 0.084245535355137943
0.276761035247425402, 0.715899955680794564, -0.970441387018563084, 0.383750748389300123, 0.041922299534226458, 0.744347132857339111, 0.956723975899186563, 0.090991186777513305
0.339046140230044257, 0.703074985365072291, -0.592843026230634340, 0.948194143542854029, 0.041001105010939370, 0.756654825165031353, 0.961987133793923421, 0.098276971429743190
0.411733801267244626, 0.685944396817495305, -1.099193675604206666, -2.716702950906615843, 0.040116936327801320, 0.768962517472723706, 0.967250291688660280, 0.106146138493815531
0.147382339902416531, 1.228222722488210295, -0.687333587029286264, -1.981668843403907365, 0.039267693026858563, 0.781270209780415947, 0.972513449583397138, 0.114645400170912695
0.225739246593020498, 1.066114630054787682, -0.868605844506706970, 0.127734567365076934, 0.031805358017106808, 0.793577902088108300, 0.977776607478133997, 0.123825208969938261
0.352205547440798461, 0.579537628211747924, -1.188794558207017849, 0.706212713803668679, 0.047239753812248139, 0.659140032265623121, 0.988302923267607603, 0.062341648881128336
0.429689772403178960, 0.582062659881271705, -0.732304769324577554, 0.032597289263720963, 0.046071802994684587, 0.671447724573315363, 0.993566081162344461, 0.067333427147779956
0.165633540930313128, 1.016841074335104622, -0.917559260295508050, -1.431852564630616165, 0.044956576607886718, 0.683755416881007716, 0.998829239057081320, 0.072724903701381460
0.238965784461483310, 0.909359522982864932, -0.540928223861574464, -1.789643943470608622, 0.043890721454392941, 0.696063109188700069, 1.004092396951818067, 0.078548082912330772
0.449911848028751282, 0.447725300015555883, -0.822095855095592687, -1.227940072016944661, 0.040959761982876736, 0.732986186111776905, 1.019881870636028642, 0.098967567267378959
0.182205958357473413, 0.819655621437605175, -0.416415040935834424, -1.746569765155862486, 0.040062903016891104, 0.745293878419469258, 0.920173458331028038, 0.106892031253416273
0.251806346024272654, 0.769963435847336841, -1.248668646749363065, -0.338343504511690041, 0.039202230540674725, 0.757601570727161500, 0.925436616225764785, 0.115451017550145030
0.313721411191162147, 0.746739207979676967, -0.754619372182751658, -1.108100539276670071, 0.038375676603325179, 0.769909263034853963, 0.930699774120501644, 0.124695333198075936
0.380181103291900802, 0.728099409844111034, -0.943391156931737696, 1.190197342575525230, 0.037581324004883253, 0.782216955342546205, 0.935962932015238502, 0.134679853424640922
0.473557372642933128, 0.698938763955607056, -0.567439825899547112, -2.835334033540430454, 0.036817393049425544, 0.794524647650238447, 0.941226089909975361, 0.062779725905708128
0.107654183621609417, 1.578468454476625427, -1.062679338150979369, 0.701337122347667541, 0.055976548605197525, 0.647779085520060915, 0.946489247804712219, 0.067806581579031952
0.200507870735794347, 0.689991662816121565, -0.664465147305641213, 0.866189704591063592, 0.054475600168986629, 0.660086777827753268, 0.951752405699449078, 0.073235944233644268
0.266861512177108018, 0.688322605651157327, -0.845119103670731620, -2.693791341407236750, 0.053046031555399609, 0.672394470135445621, 0.957015563594185936, 0.079100043135813036
0.328788784310071192, 0.682080227557984031, -0.451386852747511780, -2.752850425264453449, 0.042755403864350623, 0.684702162443137863, 0.962278721488922684, 0.085433688191776366
0.398540889061072323, 0.669492715036392738, -1.140466286175215060, 1.683006060117170355, 0.041767335320320925, 0.697009854750830105, 0.967541879383659542, 0.092274476582997395
0.131101002910488679, 1.252128482054417624, -0.709910492985639130, -2.553587482709781753, 0.040821504528735113, 0.709317547058522568, 0.972805037278396401, 0.099663015946977782
0.214790818394586358, 1.048302682622329618, -0.892697386143017635, -0.347308069862614865, 0.039915350548483365, 0.721625239366214810, 0.978068195173133259, 0.107643165428453549
0.279225258076723881, 0.991543839140932692, -0.513021875886927159, -0.506512035046120968, 0.039046510588129225, 0.733932931673907052, 0.983331353067870118, 0.116262296031879042
0.341644807358132796, 0.542180579926447082, -0.999028883244986510, -0.732112534380857105, 0.038212801527100632, 0.746240623981599516, 0.988594510962606976, 0.125571571820678907
0.415180345485149038, 0.560382425588654365, -0.617363850546084003, -1.155551303611749958, 0.037412203440635082, 0.758548316289291757, 0.993857668857343723, 0.135626253632495725
0.291516110078034851, 0.847964031984382527, -1.285816937378555069, 0.761153036379736858, 0.035191025273001122, 0.795471393212368705, 1.009647142541554299, 0.073750575866236179
0.354892524025518019, 0.823884841683088398, -0.765778188044924812, -0.282470844785924768, 0.053499601256726162, 0.648725831082191173, 1.014910300436291157, 0.079655882003776671
0.433525195329690471, 0.805380117302865517, -0.956746030847831830, -1.808792461286506947, 0.052091340963694846, 0.661033523389883415, 0.920450466641277276, 0.086034033812940391
0.169064920730556290, 0.788671402861488291, -0.580264688845589793, -1.985601825612886451, 0.050749354449293252, 0.673341215697575657, 0.925713624536014135, 0.092922892671946464
0.241560935191534237, 0.745502701050428485, -1.080440731630946560, 1.665656399166970614, 0.049469290520790521, 0.685648908005268121, 0.930976782430750993, 0.100363351569635967
0.303817166830665453, 0.726343280389163071, -0.675942950010071875, -2.460324203934396436, 0.048247159103804782, 0.697956600312960362, 0.936239940325487852, 0.108399577850543369
0.368667696713087856, 0.710502591080966694, -0.856796179316656970, -0.320880383573510619, 0.047079295339433641, 0.710264292620652604, 0.941503098220224710, 0.117079275396887117
0.454316574760741165, 0.685937481552455375, -0.467690584518128616, -0.300631447977140365, 0.045962327814236412, 0.722571984928345068, 0.946766256114961458, 0.126453967803818623
0.185362187562098213, 1.151828017968380413, -1.163543846719803376, -1.513357441753564903, 0.037142976247088136, 0.734879677236037310, 0.952029414009698316, 0.136579304228887866
0.254338261792639742, 1.064725581038772573, -0.721123927365343476, -1.634184241812137728, 0.036371942355860075, 0.747187369543729552, 0.957292571904435174, 0.063665136736131445
0.316212013924389468, 0.588973654897502308, -0.905020493475269694, 0.507896661045680986, 0.035630974351516000, 0.759495061851422015, 0.962555729799172033, 0.068762888425516547
0.478865191612734165, 0.585106926405268402, -1.014026305705795661, 0.105655408584918037, 0.034232646718760668, 0.784110446466806499, 0.973082045588645750, 0.080215626771596840
0.112693404127561986, 1.298106602545493260, -0.629352173768844669, -0.147314978392380169, 0.033572282251337827, 0.796418138774498963, 0.978345203483382608, 0.086638598084527688
0.203425847577960561, 1.035194184583634547, -0.810718711298818007, -1.685835803387706111, 0.051036843923486348, 0.649672576644321431, 0.983608361378119356, 0.093575865204236969
0.269344165940328117, 0.965614193679577570, -0.397474626085447091, -2.243588904653491589, 0.049720488758874366, 0.661980268952013673, 0.988871519272856214, 0.101068608476079319
0.135342297664975103, 0.920476335639821897, -0.930339787046559952, -0.550435839566965512, 0.046123146114163537, 0.698903345875090620, 1.004660992957066679, 0.127342564415490467
0.217563401803966161, 0.808965897885512986, -0.554338785846519411, -0.894382739750051670, 0.045029043780489629, 0.711211038182782862, 1.009924150851803537, 0.137539051946338475
0.281686576205223249, 0.772545898858372659, -1.045764149290733691, -0.977769742923753071, 0.043982061510073951, 0.723518730490475104, 1.015187308746540396, 0.064112513957802472
0.344259069219889802, 0.751227374210596932, -0.652884993756242316, -1.379781761848478894, 0.042979346558394943, 0.735826422798167568, 0.920727474951526625, 0.069246087732939471
0.418694280915837602, 0.729732453320486751, -0.833557637327490442, 1.026165387358234593, 0.042018265509139542, 0.748134115105859809, 0.925990632846263484, 0.074790713548901405
0.231084154615560977, 0.607806611923199624, -1.119122488110921854, 1.152535294925509213, 0.040211448675667831, 0.772749499721244515, 0.936516948635737090, 0.087247410651147592
0.437456829759064969, 0.626647836731433983, -0.498432945910796343, -2.865169448981460754, 0.048588184273260636, 0.650619322206451467, 0.952306422319947665, 0.109928386058249478
0.172434151100491373, 1.072024984774589074, -0.984519451438807369, 0.614820424433820123, 0.047362957931915126, 0.662927014514143931, 0.957569580214684524, 0.118730497299483734
0.306285905192385244, 0.926811747081337400, -0.788161644620017143, -1.127756152453801342, 0.045077567845926481, 0.687542399129528414, 0.968095896004158130, 0.138505543845759804
0.371500291832526752, 0.494825359279723598, -0.355705684894746077, -1.705077272334238003, 0.044010442081495134, 0.699850091437220656, 0.973359053898894988, 0.064563034915413334
0.458867747171046503, 0.517721059706618081, -1.307193262359479302, 0.281379219228693023, 0.042989521019006480, 0.712157783744913120, 0.978622211793631847, 0.069732682499396154
0.188472753275750360, 0.891547805766440882, -0.771363451190819172, -0.784102103205615908, 0.042011982857339196, 0.724465476052605362, 0.983885369688368705, 0.075316270601782323
0.256860056863931707, 0.826505449204742448, -0.963548644980314339, 1.742530445047212995, 0.041075225025624246, 0.736773168360297603, 0.989148527583105563, 0.081346943987276307
0.386138962622237791, 0.775130894595572273, -1.089682806052089781, -0.056128250974925187, 0.039314615508804163, 0.761388552975682309, 0.999674843372579280, 0.094895607897005407
0.484420651888740728, 0.745332095206298728, -0.681648246186958517, -0.589513330316274842, 0.038486481276284477, 0.773696245283374551, 1.004938001267316139, 0.102494024711488482
0.117540083808056167, 0.904614935969127676, -0.862683330422395311, -2.125712829295304029, 0.037690531362702881, 0.786003937591066904, 1.010201159162052997, 0.110700856808471068
0.206311422918857790, 0.784596646272816223, -0.475593636813828324, -2.394665503637508408, 0.036924992602623274, 0.798311629898759256, 1.015464317056789634, 0.119564820804192673
0.333891799625217867, 0.732525575171230736, -0.726717622952807840, -2.155743849609522034, 0.054515368099578000, 0.663873760076273967, 0.926267641156512722, 0.139478827318762821
0.405026086784607053, 0.713376677878550636, -0.911261351935882091, -0.012129045041361197, 0.043935088974077843, 0.676181452383966319, 0.931530799051249581, 0.060235025553075965
0.139463416656041062, 1.302844219986623031, -0.534095256677760366, 0.176713341103263755, 0.042899530677784195, 0.688489144691658672, 0.936793956945986439, 0.065058123704046900
0.220311453679657876, 1.118161282609105411, -1.021728367275796412, -1.976764167053159493, 0.041908978659294063, 0.700796836999350914, 0.942057114840723298, 0.070267413702042189
0.284145657841789134, 0.596548685342341622, -0.635287359835356003, -1.956869363942827178, 0.040960663330841043, 0.713104529307043156, 0.947320272735460156, 0.075893818438953986
0.346889918143132803, 0.614374929530816627, -0.816397613736052241, 0.185499461540447497, 0.040052032370008699, 0.725412221614735508, 0.952583430630197014, 0.081970736843520867
0.158567132289772428, 1.073961215198165897, -1.232210207104191602, 1.149453808922139775, 0.038344579677879381, 0.750027606230120214, 0.963109746419670620, 0.095623295986977122
0.233728397076993416, 0.948332801442776430, -0.749042686166971672, 0.498644387792264165, 0.037541565870814433, 0.762335298537812456, 0.968372904314407479, 0.103279979749120635
0.296430680577145556, 0.902796137198582094, -0.936829667007682332, -1.047020728580251081, 0.036769821410911653, 0.774642990845504809, 0.973636062209144337, 0.111549744305315168
0.360330666400671240, 0.884952083114485921, -0.560925817336122345, -1.442618920460454035, 0.036027613487638888, 0.786950683153197050, 0.978899220103881196, 0.120481679845479903
0.246708893117166927, 0.807349658351364186, -0.839324937215899514, -1.281091484267817604, 0.054131247053502980, 0.652585639912414139, 0.994688693788091660, 0.065515289495592752
0.308759063183865701, 0.777501475912465323, -0.442961560429062651, -1.770259276312957430, 0.052704623651549883, 0.664893332220106381, 0.999951851682828519, 0.070761185363074186
0.374362254526969918, 0.756703906338815568, -1.129599834581825890, -1.087302369452115336, 0.051345009764419428, 0.677201024527798845, 1.005215009577565377, 0.076427127049849594
0.463579931098113351, 0.729427680998257832, -0.704287512620730305, -1.458532560167383307, 0.050048020056139522, 0.689508716835491087, 1.010478167472302236, 0.082546748180139407
0.191540258607796665, 1.229164963329060223, -0.886609243051767582, 0.748841504804070635, 0.048809631738107380, 0.701816409143183328, 1.015741325367039094, 0.089156375466932614
0.321215702698635586, 0.656907090635805435, -0.991716914932212035, 0.254658192398977301, 0.038562689342241573, 0.726431793758568034, 0.926544649466762071, 0.104005731907415758
0.389175150094436761, 0.650069235529909806, -0.611305714554099655, 0.266531079544837013, 0.037741161354111701, 0.738739486066260276, 0.931807807361498930, 0.112333608398661369
0.274293233999998831, 1.040810592043646343, -0.760197351527358456, -2.511854786522289107, 0.034764127560375759, 0.787970255297029687, 0.952860438940446253, 0.065975667807713426
0.336462111845712453, 0.488209510582003792, -0.950028455772623959, -0.213286529543259828, 0.053097388006652452, 0.641224693166852155, 0.958123596835183111, 0.071258426775451689
0.408350358591271501, 0.531330360101497923, -0.573884847601535242, -0.447775623019862179, 0.051694750029885550, 0.653532385474544397, 0.963386754729919970, 0.076964183239669345
0.143473929034278469, 0.998046462882635765, -1.071445945881114081, -0.548930521717296838, 0.050358577449471559, 0.665840077782236639, 0.968649912624656828, 0.083126807169282418
0.223036310986050090, 0.869548948460962978, -0.670215874102461751, -1.048634546711890492, 0.049084470319929269, 0.678147770089929103, 0.973913070519393687, 0.089782880546407595
0.286603166970417877, 0.824498591024912963, -0.850942156017683304, 1.761222550783158258, 0.047868397121787851, 0.690455462397621345, 0.979176228414130434, 0.096971914520845914
0.425943572248983493, 0.778536516908897802, -1.151764348913827618, 0.414585977513649062, 0.045595851059894353, 0.715070847013005828, 0.989702544203604151, 0.113122980733381465
0.162135810185953577, 0.729122970654020985, -0.715522087720361299, -0.209373308837992100, 0.044532845488655035, 0.727378539320698292, 0.994965702098341009, 0.122180887394792936
0.236355266267934627, 0.710994884780606906, -0.898833511008453323, -1.681690508737129441, 0.043514753799747008, 0.739686231628390534, 1.000228859993077757, 0.131964072620780137
0.298890226813763704, 0.700435830397204140, -0.520147871471677292, -2.008237008062255136, 0.042538910008138142, 0.751993923936082775, 1.005492017887814615, 0.061513790651466393
0.363084346959545057, 0.688889640158157790, -1.006462694694755911, 1.743371958234380292, 0.034437878997995934, 0.764301616243775239, 1.010755175782551474, 0.066439281214907359
0.445640864038900020, 0.667784983031228019, -0.623378486437627943, -2.405182206323715377, 0.033764619655975596, 0.776609308551467481, 1.016018333677288332, 0.071759162321243103
0.179001264564984081, 1.128761285151362870, -0.805057379189179523, -0.294279240588554925, 0.033116282777258851, 0.788917000859159723, 0.921558499882274562, 0.077505013342786130
0.249263500520238490, 1.029006239026507785, -0.387563789695029415, 0.482065839103450688, 0.050579787936717482, 0.642171438728982191, 0.926821657777011421, 0.083710942253950676
0.311237331618540725, 0.542885701159809941, -1.202421690769759799, -1.827697954871903896, 0.049272114454840032, 0.654479131036674655, 0.932084815671748168, 0.090413788099766829
0.377255264513542521, 0.572322277778642197, -0.737886948365876538, -1.688112628572584928, 0.048025633533550417, 0.666786823344366897, 0.937347973566485027, 0.097653339676316259
0.468469947211457294, 0.566487354009460709, -0.923917562246430957, 0.446871755124578107, 0.046836328437421450, 0.679094515652059139, 0.942611131461221885, 0.105472571721199601
0.261876417522453275, 0.879747326329489820, -1.037586465089741949, 0.087846536388631311, 0.044614816602294147, 0.703709900267443844, 0.953137447250695602, 0.123039456915667963
0.323730283311427502, 0.847768911955477544, -0.647051546509066378, -0.261871601949448918, 0.043576117959634300, 0.716017592575136086, 0.958400605145432460, 0.132891388938565946
0.392252526563936610, 0.829642951023637054, -0.827815244765584657, -1.757639937243733019, 0.042581555669495209, 0.728325284882828328, 0.963663763040169208, 0.061946050286282951
0.496412099779459437, 0.441831969079919062, -0.425492462540811633, -2.245891597309345400, 0.041628486629955698, 0.740632977190520680, 0.968926920934906066, 0.066906152450304845
0.264870847915837260, 0.823665149137831287, -0.874566042097627339, -0.927740360543700238, 0.038994718731592180, 0.777556054113597628, 0.984716394619116642, 0.084299182077015172
0.326760410144390667, 0.795342201248272485, -0.490955499883137303, -1.336528297915548613, 0.038184952492114919, 0.789863746421289981, 0.989979552513853500, 0.091049129063353801
0.396003231119920862, 0.774287842141614391, -0.977429706264586140, -1.462689385059043889, 0.058196348561500418, 0.643118184291112449, 0.995242710408590359, 0.098339553231033938
0.127614214937325887, 1.471671752755745688, -0.599048158432969435, -1.746264477073505850, 0.046863250782706083, 0.655425876598804691, 1.000505868303327217, 0.106213731302693945
0.212554146092307217, 0.692064249197929193, -0.782553581910056417, 0.568187321899742415, 0.045705708817894770, 0.667733568906497044, 1.005769026198064076, 0.114718405225382902
0.339564672463476214, 0.681428295512772619, -1.318801014514834113, 1.918651639555111643, 0.043544306878474957, 0.692348953521881638, 1.016295341987537570, 0.133825221541702455
0.412417930166976032, 0.666899430346618138, -0.774158235501391068, 1.607505039654471890, 0.042534041256338737, 0.704656645829573991, 0.921835508192523800, 0.062381347425208990
0.148152452859932671, 1.192806173404178161, -0.966983418310749743, -2.004268770325365878, 0.041566886969265582, 0.716964338137266233, 0.927098666087260659, 0.067376304406782592
0.226277310923667097, 1.034828569558338796, -0.589720052807185535, -2.067569970621439879, 0.040640241874357594, 0.729272030444958586, 0.932361823981997517, 0.072771214199213383
0.289551032798594510, 0.988950663740857605, -1.094403192564243454, 1.556367985145433730, 0.039751703956738056, 0.741579722752650827, 0.937624981876734376, 0.078598101552965247
0.352741320797334112, 0.549401410141777125, -0.684493298702467778, -2.582479193419568553, 0.038899052794870929, 0.753887415060343180, 0.942888139771471234, 0.084891555482621200
0.430449506214973798, 0.560747622683109626, -0.865640024146050790, -0.406786369090396227, 0.038080233020756818, 0.766195107368035533, 0.948151297666208093, 0.091688934590902646
0.166324985145133442, 0.984870108925083310, -0.479487788804490500, -0.535590011105613995, 0.037293339531531210, 0.778502799675727775, 0.953414455560944840, 0.099030588833253969
0.239486013177468232, 0.884092984663369608, -1.182247841732369853, 0.161246661850727668, 0.036536604242089050, 0.790810491983420127, 0.958677613455681699, 0.106960099039410755
0.301844899499635611, 0.843894980134178407, -0.729511915656556265, -0.583836395149477938, 0.055678091376146516, 0.644064929853242596, 0.963940771350418557, 0.115524535613777027
0.182840988707293262, 0.778996494811095341, -1.025634231897380344, -0.520868915876413041, 0.051402299001034310, 0.680988006776319543, 0.979730245034629132, 0.062819703412895833
0.252313577347820617, 0.742638011077507154, -0.638241253277919807, -0.971927379977830519, 0.050107465922140028, 0.693295699084011785, 0.984993402929365880, 0.067849760138086523
0.314218986884126306, 0.724609702147304247, -0.819244204970238199, -2.625534811664861135, 0.040464265325468020, 0.705603391391704138, 0.990256560824102738, 0.073282580157021771
0.380770375015747398, 0.708224528579896262, -0.411782273786449271, -2.847454213102495579, 0.039568096120748505, 0.717911083699396491, 0.995519718718839597, 0.079150413259246835
0.108678440186426029, 1.524769994502182646, -0.751830965114029581, -2.251796694924048658, 0.037884351667212351, 0.742526468314780974, 1.006046034508313314, 0.092333236055066117
0.201094146137907714, 1.217936646680141566, -0.940101204282452696, -0.050880424933643198, 0.037092610639871147, 0.754834160622473327, 1.011309192403050172, 0.099726480367678713
0.267358528475443946, 0.550714374118157712, -0.564191691595386735, -0.111057134089213250, 0.036331768867567761, 0.767141852930165680, 1.016572350297787031, 0.107711711529245455
0.329296973512022140, 0.593236598372877011, -1.058376196345864440, -2.373273542666355151, 0.035600106459721954, 0.779449545237857921, 0.922112516502773150, 0.116336330709606917
0.399180158703679677, 0.599463534914767227, -0.661580316135744972, -2.009694128707325333, 0.034896026147920332, 0.791757237545550385, 0.927375674397510008, 0.125651534552956107
0.131959375647186766, 1.132229109270159739, -0.842218537387209865, 0.103019697404322930, 0.053174357732021699, 0.645011675415372743, 0.932638832292246867, 0.135712619086489211
0.279717732624686577, 0.895319996688829334, -1.134981919104264270, 0.546780029111588184, 0.050438805870620905, 0.669627060030757337, 0.943165148081720472, 0.068326542859961939
0.342166380939887771, 0.869988636095342494, -0.707100528770509551, 0.039128966779381491, 0.049165846034243205, 0.681934752338449690, 0.948428305976457331, 0.073797539501936307
0.415877597176681157, 0.457408128548679016, -0.889647491375239352, -1.453965177709573675, 0.047950650506129823, 0.694242444646142043, 0.953691463871194189, 0.079706606079892106
0.151948298686107930, 0.888938623011226725, -0.509418054748017268, -1.847026278094941798, 0.046789552117801579, 0.706550136953834285, 0.958954621765931048, 0.086088819432908067
0.355432399364927876, 0.748794775343619712, -0.796594545737481230, -1.257403030974447500, 0.043598422700602504, 0.743473213876911232, 0.974744095450141512, 0.108468605627268191
0.434303588200631696, 0.725689787917980778, -0.372066299261576749, -1.846135321737998325, 0.035295092253662085, 0.755780906184603474, 0.980007253344878371, 0.117153830318976776
0.169743610717720317, 1.248951829456748985, -1.275907086187843431, -0.088689060342240778, 0.034591804314407872, 0.768088598492295938, 0.985270411239615229, 0.126534492437111568
0.242078205251355094, 0.618111714075937457, -0.762987314716263798, -0.987885999714218754, 0.033914975280892525, 0.780396290799988179, 0.990533569134352088, 0.136666276576054568
0.304310593795548645, 0.638719932576573557, -0.953376918370376969, 1.372433043922369089, 0.033263176669673135, 0.792703983107680421, 0.995796727029088946, 0.063705678064159818
0.369231943768590143, 0.639205276239788955, -0.577082686285699920, -2.695378607757002776, 0.050685052461638444, 0.645958420977502890, 1.001059884923825694, 0.068806675951292098
0.455214656516758964, 0.622712392335980303, -1.075913673785768854, 0.847443659312435260, 0.049377601081518951, 0.658266113285195242, 1.006323042818562552, 0.074316117484818423
0.185987867765811221, 1.045378336767875282, -0.673082250319682274, 1.253721745520171904, 0.048131108152807058, 0.670573805592887595, 1.011586200713299410, 0.080266707287632286
0.316710980794267016, 0.924823262036527871, -0.463679023290168357, -2.999231083119996200, 0.045805390290004043, 0.695189190208272079, 0.922389524813022499, 0.093635453387680423
0.383738117916773813, 0.504379780974845149, -1.157590472464498754, 1.416615466216659236, 0.044719153978993120, 0.707496882515964542, 0.927652682707759246, 0.101132967964170623
0.479955513682374546, 0.516693124444809526, -0.718324125821666160, -2.986870730729044965, 0.043679791543903293, 0.719804574823656784, 0.932915840602496105, 0.109230818447530909
0.113677496927172217, 1.165944576069275040, -0.901920459879186120, -0.595086797552762281, 0.042684456619058189, 0.732112267131349026, 0.938178998497232963, 0.117977074527709919
0.204005497039900174, 0.939913088798698504, -0.523671659096791808, -0.920689329200122142, 0.041730522449279807, 0.744419959439041490, 0.943442156391969822, 0.127423654898298044
0.269839996691350503, 0.876443200655944610, -1.010227751820520936, -1.028132534221390060, 0.040815561521061590, 0.756727651746733732, 0.948705314286706680, 0.137626635451338686
0.331844825174428593, 0.847060739821196118, -0.626370293377267351, -1.415639643797528047, 0.039937327386781546, 0.769035344054425973, 0.953968472181443539, 0.064153340171211243
0.402406835031985821, 0.830174082030840088, -0.807885958012187766, 1.089260530092413193, 0.039093738414407234, 0.781343036362118215, 0.959231630076180286, 0.069290182955244556
0.218114930951256336, 0.778074390608679889, -1.209528216509263565, 0.504751851728984180, 0.048210081137631006, 0.646905166539633147, 0.969757945865654003, 0.080830744346845007
0.282178550151619301, 0.748751624195211130, -0.740676666714398468, -0.299613642453004481, 0.046995218520103604, 0.659212858847325389, 0.975021103760390861, 0.087302968937458911
0.344783879610776001, 0.730446650596875191, -0.927120455997558324, -1.801936983285618910, 0.045836214810247959, 0.671520551155017631, 0.980284261655127720, 0.094293433109927896
0.419405560460483051, 0.709929146722114379, -0.551016556952691916, -2.034628758392167391, 0.044729453352479062, 0.683828243462710095, 0.985547419549864578, 0.101843632992892355
0.155657734745144827, 1.249518131423154266, -1.041653364585394037, 1.616057583834082489, 0.043671614982890121, 0.696135935770402337, 0.990810577444601437, 0.109998387364887457
0.231614443424808164, 1.107709368806983008, -0.649972099544172788, -2.476263806713130400, 0.042659648626688126, 0.708443628078094578, 0.996073735339338184, 0.118806103703314153
0.294464319440337907, 0.603149645145514279, -0.830683447882841430, -0.353360063230414967, 0.041690745266769455, 0.720751320385787042, 1.001336893234075154, 0.128319065536302956
0.358144706122588974, 0.615990866564198658, -0.429942083669506425, -0.224664797056640886, 0.040762314845795247, 0.733059012693479284, 1.006600051128812012, 0.138593742803221759
0.438255372527659226, 0.607708620887921325, -1.114018099243251347, -1.509049742814712936, 0.039871965727322475, 0.745366705001171526, 1.011863209023548649, 0.064604148016102370
0.173100883951978701, 1.041392427731502313, -0.695828069916101022, -1.663374021252159940, 0.039017486394728268, 0.757674397308863989, 1.017126366918285507, 0.069777087580425418
0.244656163326292253, 0.938665231597118788, -0.877561022574507965, 0.486787948548180971, 0.038196829111556599, 0.769982089616556231, 0.922666533123271737, 0.075364231256370970
0.372070282605857117, 0.885192290700607565, -0.980961518293207657, 0.039526123476978509, 0.036649522465850744, 0.794597474231940826, 0.933192848912745454, 0.087916450062124535
0.459796800052964083, 0.492621168571443446, -0.602131084568647834, -0.124766559198447924, 0.055721583718291737, 0.647851912101763405, 0.938456006807482312, 0.094956036479514352
0.189089619127679243, 0.859516312273218008, -0.785356362276167008, -1.705264516496612703, 0.054230154430347399, 0.660159604409455647, 0.943719164702219171, 0.102559291890509816
0.257363271083121015, 0.801923982853899098, -0.350036090359269969, -2.369588243850588416, 0.052809581707005886, 0.672467296717147889, 0.948982322596955918, 0.110771350016826156
0.485564223692311392, 0.722461802886740556, -0.960136398003058833, -0.715390512829486402, 0.040610971020550661, 0.709390373640224836, 0.964771796281166494, 0.139567646053493255
0.118488025766281785, 1.589788121421886302, -0.583431298504901719, -1.114782468051407349, 0.039711978973279431, 0.721698065947917078, 0.970034954175903352, 0.060273382620302039
0.206884806215259592, 0.604802172629386625, -1.085029574362441407, -1.250044675136685601, 0.038849941626091171, 0.734005758255609542, 0.975298112070640211, 0.065099552072369241
0.272315959483676984, 0.642158803908481790, -0.678798205497914031, -1.552540222851282570, 0.038022699498241670, 0.746313450563301783, 0.980561269965376958, 0.070312159294601037
0.334404808007796595, 0.647748846539634271, -0.859735476110820795, 0.657498707824710094, 0.037228254392259505, 0.758621142870994025, 0.985824427860113817, 0.075942146870280738
0.140274081252357991, 1.170421316137806311, -1.169632141023380090, 1.076331259670484375, 0.035730483186546431, 0.783236527486378731, 0.996350743649587534, 0.088590619868721243
0.220858239086264896, 0.999300175679090463, -0.723921693147452472, 0.825398639424250735, 0.035023843733852693, 0.795544219794070973, 1.001613901544324392, 0.095684187954048996
0.284637264280737767, 0.945260673099061144, -0.908133993642498805, -2.694970546886231499, 0.053245917628873943, 0.648798657663893441, 1.006877059439061251, 0.103345747416519626
0.347418168443407838, 0.486091208483157899, -0.530644629116931887, -2.502001100955235646, 0.051847105786047787, 0.661106349971585794, 1.012140217333798109, 0.111620778076814114
0.423006603881358800, 0.524975165712757708, -1.017859460021961260, 1.003175564897293981, 0.050514049570807441, 0.673414042279278147, 1.017403375228534967, 0.120558401384998001
0.234255127479892911, 0.851287773532991121, -0.813555856595494675, -0.806780178496542266, 0.048028305902097057, 0.698029426894662741, 0.928206699328257945, 0.060696925862958460
0.296922430375053392, 0.812507911936584226, -0.402315044560093260, -1.186126656449933758, 0.046868028422807934, 0.710337119202355094, 0.933469857222994803, 0.065557008982559728
0.360879480036000622, 0.789512046671188572, -1.224404176932919697, 0.163681811202881500, 0.045758259487763082, 0.722644811510047336, 0.938733015117731551, 0.070806245384532576
0.442312833266871097, 0.766556815521180157, -0.746254340233409641, -0.684897436272907001, 0.044695918926260077, 0.734952503817739577, 0.943996173012468409, 0.076475795086813639
0.309254285764410664, 0.691257206173638727, -1.049920415752878977, -0.022773711094760285, 0.034741058382518807, 0.771875580740816636, 0.959785646696678985, 0.096356564208295498
0.374938317258019183, 0.680122646546756471, -0.655790490511074298, -0.451376472800509632, 0.034060858661168765, 0.784183273048508878, 0.965048804591415843, 0.104071961726595552
0.464543124589193390, 0.656035572802928124, -0.836438052748071925, -1.933873300275913198, 0.033405786269575237, 0.796490965356201119, 0.970311962486152590, 0.112405141327045335
0.192148808746682442, 1.092787051443460111, -0.438674538156508143, -2.354116275546414006, 0.050784433612420736, 0.649745403226023699, 0.975575120380889449, 0.121405569637918945
0.321717894942451843, 0.538661351723709658, -0.701471237109558055, -2.030768600324626583, 0.048231191145174553, 0.674360787841408293, 0.986101436170363166, 0.061123445359320940
0.389787253869919692, 0.565849168989925877, -0.883582302038555367, 0.081397194327909594, 0.047041685474420739, 0.686668480149100535, 0.991364594065100024, 0.066017680459026340
0.491460541617232072, 0.555148328057063156, -0.502124495220360734, 1.251884996023995278, 0.045905314335936073, 0.698976172456792888, 0.996627751959836772, 0.071303803435312854
0.209733809794134918, 0.986002449972581796, -0.608259505896349584, -2.382165873238601073, 0.043778913325864005, 0.723591557072177483, 1.007154067749310489, 0.083179741496139659
0.274787113079761225, 0.923012289117988161, -0.790969632473760953, -0.267581209124060360, 0.042782989595984380, 0.735899249379869835, 1.012417225644047347, 0.089840053394816780
0.409022192498228077, 0.490565989714227990, -1.257374740156959270, 0.973313142907084927, 0.040912626397523015, 0.760514633995254430, 0.923220549743770325, 0.104803279170930477
0.144263524039515145, 0.944806103318252877, -0.757408102544073314, 0.088474231541429527, 0.040033540799297156, 0.772822326302946672, 0.928483707638507183, 0.113195016326243972
0.223578612179103242, 0.832989157391280766, -0.946700057622751778, -1.354389469374748023, 0.039189037839876151, 0.785130018610639024, 0.933746865533244041, 0.122258690972835926
0.287094538303157953, 0.793646474137351343, -0.570670717072267353, -1.697667141224632248, 0.031795309564469944, 0.797437710918331377, 0.939010023427980900, 0.132048106034204721
0.162840878938016159, 1.307592044234337392, -0.848026890400989775, -1.154403240433166999, 0.045960926968198541, 0.675307533403538440, 0.954799497112191364, 0.071804857844536538
0.236878645975929142, 0.660224858370420109, -0.455528691887286508, -1.619104548943580246, 0.044852861351624682, 0.687615225711230793, 0.960062655006928223, 0.077554367767057555
0.299382401840409595, 0.665714884294377196, -1.146058442520765386, -0.867719769693921839, 0.043793625847338022, 0.699922918018923035, 0.965325812901665081, 0.083764248552239934
0.363638021148724122, 0.660819716044017014, -0.712717611151238217, -1.337926649812980928, 0.042780186662439622, 0.712230610326615388, 0.970588970796401940, 0.090471362703852476
0.446484916822352695, 0.642954994846284267, -0.895759274312768250, 0.911558655922964256, 0.041809749698496677, 0.724538302634307740, 0.975852128691138798, 0.097715524355087832
0.249772983593695680, 0.988068779053959734, -1.002730076630158562, 0.388825108441453571, 0.039987770380706465, 0.749153687249692224, 0.986378444480612515, 0.113990441805669709
0.311733660029777204, 0.956762886650700306, -0.620376443985248938, 0.532973362334220102, 0.039131645583479167, 0.761461379557384577, 0.991641602375349374, 0.123117807222271808
0.377837747058897833, 0.534296589314818382, -0.802232759445448251, -2.991676947560441668, 0.038309323920722387, 0.773769071865076929, 0.996904760270086121, 0.132976012857830173
0.195167827910174063, 0.912333506981413578, -1.195515053313997100, 1.878615418003946047, 0.036758659276679720, 0.798384456480461635, 1.007431076059559727, 0.066948757625015246
0.262376235921122913, 0.847259019810938541, -0.735096381312845382, -2.499562652026288578, 0.055760307122298555, 0.651638894350283993, 1.012694233954296585, 0.072309433181241084
0.324234316243843690, 0.816685738051678212, -0.920730646038681044, -0.262542224644024047, 0.054272637409257911, 0.663946586657976345, 1.017957391849033444, 0.078099345118223584
0.392873158359941244, 0.796086510773057032, -0.544311865052108601, -0.441109910756100732, 0.052855344054182830, 0.676254278965668587, 0.923497558054019674, 0.084352862960593120
0.497685729769800134, 0.767013100707327533, -1.033561930864161704, -0.623488120825933634, 0.042675889274114545, 0.688561971273360829, 0.928760715948756532, 0.091107108246267582
0.104529188010342694, 0.856234330062761728, -0.644123068862647585, -1.079205218977496994, 0.041693172130913288, 0.700869663581053293, 0.934023873843493391, 0.098402174883795449
0.327266859387129794, 0.713541043820149601, -1.104057388334662937, -0.100865238180130934, 0.038986107908549290, 0.737792740504130240, 0.949813347527703855, 0.123982960512707935
0.396634778772614272, 0.697034620139106331, -0.690169332646163647, -0.669438789982500393, 0.038156329266009412, 0.750100432811822482, 0.955076505422440714, 0.133910440116312229
0.128494097911154265, 1.311965067598072743, -0.871581084292553543, -2.267703057715145132, 0.037359379468034297, 0.762408125119514724, 0.960339663317177572, 0.062421071248929018
0.213114911071075580, 1.094100143957378535, -0.487167557989913014, -2.445928350043510058, 0.036593410671902520, 0.774715817427207187, 0.965602821211914430, 0.067419208969598771
0.277747115922634458, 0.546508611414720069, -0.973923243797689020, 1.127142362415973764, 0.035856708062127561, 0.787023509734899429, 0.970865979106651289, 0.072817554187111333
0.340083797675410249, 0.586999006465289352, -0.595952265283526961, -2.872471107065050600, 0.035147678287125964, 0.799331202042591671, 0.976129137001388036, 0.078648152044974259
0.413104615065933212, 0.591615189404193331, -0.779753101241010715, -0.709684456084854864, 0.055368923284010267, 0.640350774186424165, 0.981392294896124895, 0.084945613583712304
0.148918844913725146, 1.069337800060985000, -0.338335653535618341, -0.986994006019344283, 0.053880343546994010, 0.652658466494116518, 0.986655452790861753, 0.091747321195634668
0.226814556563047692, 0.930953857567711984, -1.324873309066656457, -0.923390729077651073, 0.052463015025829889, 0.664966158801808871, 0.991918610685598612, 0.099093650530637414
0.290042296168339098, 0.881908767747239031, -0.775556252476866326, -1.431999692797532475, 0.051112188972782364, 0.677273851109501113, 0.997181768580335470, 0.107028210170296678
0.353277895802691200, 0.859079294118065717, -0.968709460518168086, 0.744887633550755934, 0.049823516268998655, 0.689581543417193354, 1.002444926475072329, 0.115598100492983302
0.167013811363292047, 0.852328714420193090, -1.096789480877491174, 0.436822625700953093, 0.047416995722939947, 0.714196928032578060, 1.012971242264546046, 0.134851433628982803
0.240005635000373224, 0.786071589755830691, -0.685914024489854390, 0.039774561646645834, 0.037895753978579527, 0.726504620340270302, 1.018234400159282904, 0.062859706377363864
0.302337761075102518, 0.758539545396747950, -0.867121775330675804, -1.480625240441865831, 0.037096296835300691, 0.738812312647962655, 0.923774566364269023, 0.067892966192819496
0.366981572348520080, 0.739144858165522112, -0.481421074004546201, -1.908959226139816501, 0.036328459764553081, 0.751120004955655007, 0.929037724259005881, 0.073329245777693022
0.252820378098185916, 0.610060892180414038, -0.915979254963673939, -0.656935335451717450, 0.034197432898059002, 0.788043081878731844, 0.944827197943216346, 0.092392032944584243
0.314716829217298488, 0.631173291594807617, -0.539228312106533991, -1.015962287622492077, 0.052239314557940980, 0.641297519748554423, 0.950090355837953204, 0.099789985201893694
0.381361050937645552, 0.631302153726898907, -1.027601414618593001, -1.116701584106961409, 0.050868777912320980, 0.653605212056246665, 0.955353513732690063, 0.107780301279514962
0.475652633375713896, 0.611137685303217548, -0.639714900915204110, -1.480549660365146236, 0.049562938391732446, 0.665912904363939018, 0.960616671627426921, 0.116410412531883750
0.109694311389539362, 1.365303672307300875, -0.820669383518471185, 0.887629555613753896, 0.048317523576132115, 0.678220596671631260, 0.965879829522163669, 0.125731548204708610
0.267855296318953440, 1.009220884831415033, -1.244440287903456177, 1.671835207739533313, 0.045992628259667510, 0.702835981287015854, 0.976406145311637386, 0.063301423810732768
0.132812604013124641, 1.082595503676810234, -0.565817944846570775, -2.473362439367936538, 0.042870392590834291, 0.739759058210092912, 0.992195618995847961, 0.079757362456596467
0.215902883942717255, 0.916534081670845824, -1.060521298546512003, 1.049766220276232565, 0.041915517440529897, 0.752066750517785154, 0.997458776890584708, 0.086143639939815483
0.342688586011280605, 0.836154891560394908, -0.843667933963119010, -0.795119366194910193, 0.033181507840820974, 0.776682135133169749, 1.007985092680058425, 0.100491213042104705
0.416577579388543506, 0.818947469753631974, -0.449298555275317923, -1.166942400018544657, 0.032551243794484458, 0.788989827440862102, 1.013248250574795284, 0.108537677360197024
0.152696897258275732, 0.824982834418155897, -1.137710983227579575, -0.375930193236998278, 0.049724795608522505, 0.642244265310684570, 1.018511408469532142, 0.117228432716901851
0.229488829045685294, 0.761942664202086561, -0.708505879467247301, -0.982905665311476051, 0.048449052410338214, 0.654551957618376812, 0.924051574674518261, 0.126615068347692927
0.292498725220856515, 0.738020766536519379, -0.891170961456041355, 1.618793684648291098, 0.047232745931517717, 0.666859649926069165, 0.929314732569255120, 0.136753304306349882
0.435085886509126052, 0.699112646613020972, -0.997189765046269772, -0.386565171324996459, 0.044963204919946216, 0.691475034541453759, 0.939841048358728837, 0.068850491360530050
0.170419847698435517, 1.197958708965777941, -0.615853496771531450, -0.787082228129468819, 0.043903126732403291, 0.703782726849146112, 0.945104206253465695, 0.074363441251815612
0.242594906054190956, 1.086518631005441771, -0.798002786940392284, -2.285754403596485851, 0.042888737261762407, 0.716090419156838465, 0.950367364148202554, 0.080317820331234052
0.304804175662919064, 0.596644330365641684, -0.374705680132206509, -2.766127399039040480, 0.041917259600573624, 0.728398111464530706, 0.955630522042939301, 0.086748974417626051
0.456118700064238602, 0.597744076322938356, -0.764382625350912059, -1.888334929980926891, 0.040092985567204996, 0.753013496079915301, 0.966156837832413018, 0.101197368435746018
0.186611743480845083, 1.006081441810501298, -0.955058856039356585, 0.270957853866642173, 0.039235631126415337, 0.765321188387607654, 0.971419995727149876, 0.109300375550028681
0.255348149728439111, 0.921567233585120937, -0.578675639093390148, 0.681471271983213001, 0.038412038629650834, 0.777628880695299896, 0.976683153621886735, 0.118052201159387152
0.317210243403610648, 0.887290917438755544, -1.078169636387095842, -1.526309908121034731, 0.037620325239128491, 0.789936573002992137, 0.981946311516623593, 0.127504797018721305
0.384336057636273709, 0.874470551884858227, -0.674513295140320435, -1.696434044742076930, 0.057342129831706140, 0.643191010872814717, 0.987209469411360341, 0.137714274728646779
0.481055965628654492, 0.401578576995859693, -0.855329653298708914, 0.466873329818856986, 0.055784010347730256, 0.655498703180507070, 0.992472627306097199, 0.064194192382348025
0.204583865175474111, 0.831312469065837112, -1.160550789704979380, 0.909911299541621199, 0.043838755678008413, 0.680114087795891553, 1.002998943095570805, 0.074885995846789982
0.270335607259623467, 0.786317992317429271, -0.719724293588554609, 0.524347231461750773, 0.042809450394361660, 0.692421780103584017, 1.008262100990307664, 0.080882216563655365
0.332355823827534591, 0.762546314744596998, -0.903468817443810579, -1.104638020532223708, 0.041824679938432412, 0.704729472411276259, 1.013525258885044522, 0.087358562602736223
0.403058410789886801, 0.741807755848613248, -0.525424088728432936, -1.513490978041880153, 0.040881716680771910, 0.717037164718968500, 1.018788416779781381, 0.094353478233501195
0.282670439974801180, 0.645502515114479425, -0.809301799303026037, -1.460664399934156865, 0.038279469954499282, 0.753960241642045448, 0.934854898774241327, 0.118881758252553135
0.345309361479706922, 0.648279982646714603, -0.395026317085788614, -2.032170065637247447, 0.037480430524193337, 0.766267933949737912, 0.940118056668978186, 0.128400777845345232
0.420119761696892691, 0.637632225056088520, -1.213161163668463161, -0.790296384290850806, 0.036712385044830737, 0.778575626257430153, 0.945381214563714933, 0.138681997924905598
0.156389792873887573, 1.122725028737949327, -0.742071268829966546, -1.329971194767185949, 0.035973623116924147, 0.790883318565122395, 0.950644372458451792, 0.064645287297206408
0.232144003528549664, 0.987167048554872473, -0.928728037614104940, 0.880617747013788810, 0.054826931898304163, 0.644137756434944864, 0.955907530353188650, 0.069821520938170137
0.358689822843925143, 0.499570889260734619, -1.043703173359684211, 0.446654938309410610, 0.051969924615987165, 0.668753141050329569, 0.966433846142662367, 0.081450578828843226
0.439058139254021373, 0.526944475951114488, -0.651429487566338006, 0.349619600154905896, 0.050641196287967864, 0.681060833358021811, 0.971697004037399115, 0.087972434386101278
0.307274599552714911, 0.808908245944581106, -1.116559549187254863, 1.373634571699280382, 0.038885125938071280, 0.717983910281098758, 0.987486477721609690, 0.110841888114557599
0.372641460909396816, 0.786951284833087628, -0.697240254697731876, -2.861683071454852012, 0.038048740786905767, 0.730291602588791000, 0.992749635616346549, 0.119717144673457662
0.460732412718234730, 0.761940497031429076, -0.879062368240034031, -0.573897345576768414, 0.037245981685717112, 0.742599294896483464, 0.998012793511083407, 0.129303054761688574
0.189704783067868088, 0.707029312029107793, -0.496575564610987619, -0.860959867969229187, 0.036474919999116596, 0.754906987204175706, 1.003275951405820265, 0.139656521347113594
0.257866118261573185, 0.698872667657892910, -0.982737170382011582, -0.997423591849903479, 0.035733768777604147, 0.767214679511867947, 1.008539109300557124, 0.060311764112928302
0.319711199490844922, 0.690677783622343666, -0.603667800891207085, -1.390965169153418834, 0.035020870179319340, 0.779522371819560411, 1.013802267195293982, 0.065141006821865896
0.387348645639041811, 0.678232800263407376, -0.786758678010685775, 1.330097121215620071, 0.034334684192735623, 0.791830064127252653, 1.019065425090030841, 0.070356933380709752
0.119429167008164000, 1.404112235116772744, -1.301634149027406373, 1.046962399375335862, 0.050956957302210275, 0.657392194304767363, 0.929868749189753707, 0.082075166388252560
0.207456977600401882, 1.148680583221146412, -0.769966634280101814, -0.016955521759529191, 0.049652060262239804, 0.669699886612459605, 0.935131907084490566, 0.088647033497348496
0.272810552831304787, 0.604938595639350929, -0.961839746619622682, -1.456740422645831590, 0.048407317305588844, 0.682007578920152069, 0.940395064979227424, 0.095745118696521900
0.334918336311704090, 0.622779584143045684, -0.585008966223159677, -1.757780939227766348, 0.047218847437630815, 0.694315271227844311, 0.945658222873964283, 0.103411556964117343
0.141080396096317673, 1.135485588451072614, -0.680223863464723189, -2.195883142036946900, 0.044996757330320762, 0.718930655843229016, 0.956184538663438000, 0.120635171780031997
0.221404107292599406, 0.971840234557728277, -0.861208316080774750, -0.085850026863017015, 0.043956839761704856, 0.731238348150921258, 0.961447696558174858, 0.130294589512687409
0.285128813124089331, 0.918015428659200938, -0.473632459578189335, 0.535900828945720775, 0.042960548613938623, 0.743546040458613500, 0.966710854452911605, 0.060735577063723539
0.347947131816013056, 0.897638687145825176, -1.172729473238586895, -2.216592132091425249, 0.042005310682785776, 0.755853732766305964, 0.971974012347648464, 0.065598755036082507
0.423736035834620439, 0.496820737084120390, -0.725319875097389377, -1.788590785923014570, 0.033995598778653602, 0.768161425073998205, 0.977237170242385322, 0.070851334099765961
0.160003429226614563, 0.914396167669527693, -0.909695915660236221, 0.335869121539529858, 0.033337449839223647, 0.780469117381690447, 0.982500328137122181, 0.076524494115101219
0.297414254582966886, 0.790066027778014601, -1.019789370509563531, -0.033598517412528617, 0.049839963965473952, 0.646031247559205379, 0.993026643926595787, 0.089269959412355840
0.361429244146655781, 0.768123376838453997, -0.633807042651129082, -0.381417359701134107, 0.048563894806167400, 0.658338939866897621, 0.998289801821332645, 0.096417923113302592
0.443137774962175657, 0.744005336096490999, -0.814976144852830542, -1.867146401832833646, 0.047347067960931556, 0.670646632174589863, 1.003552959716069504, 0.104138233720267717
0.177053938251147541, 1.274125253515980383, -0.404707972389828585, -2.381623963106221264, 0.046185621964902210, 0.682954324482282105, 1.008816117610806362, 0.112476719806889072
0.375515635463704589, 0.659833692687999296, -0.935200642065340149, -0.697526251823344490, 0.042999556527427332, 0.719877401405359052, 0.924882599605266198, 0.061162368163473660
0.465513569300766816, 0.637910558770999336, -0.559286068378890944, -1.079030354818845128, 0.042026950196358451, 0.732185093713051405, 0.930145757500003056, 0.066059719863579169
0.192755752571373451, 1.062181835263681595, -1.052016125841515271, -1.190552402386414022, 0.041094624228425483, 0.744492786020743758, 0.935408915394739915, 0.071349208990581239
0.260375063749187063, 0.980832620530725396, -0.657240545356570061, -1.525674222571258509, 0.040200223556477038, 0.756800478328435999, 0.940672073289476773, 0.077062234506814944
0.322220442957343700, 0.956865167342480616, -0.837880671021023371, 0.748563846992038595, 0.039341568416923108, 0.769108170636128352, 0.945935231184213632, 0.083232709531051538
0.492677796398683698, 0.481339798005053277, -1.126945540218780240, 1.012031350266171748, 0.037723559580756960, 0.793723555251512947, 0.956461546973687238, 0.097095455351087614
0.124037400298951217, 1.069659727529432836, -0.702879795312746358, 1.114342877190173553, 0.057367196836040704, 0.646977993121335415, 0.961724704868424096, 0.104870016860302423
0.210300119633357596, 0.892910687448563944, -0.885094380030700623, -2.464931946908092364, 0.046184358194441610, 0.659285685429027768, 0.966987862763160955, 0.113267097790658008
0.275280827295246777, 0.839068393727571138, -0.503958903498678001, -2.495299279773538270, 0.045054866551499775, 0.671593377736720121, 0.972251020657897813, 0.122336544095426339
0.337494026311136563, 0.811809730955111442, -0.989907088288476733, 1.032024167334140152, 0.043976034824453079, 0.683901070044412362, 0.977514178552634672, 0.132132192959274031
0.409696422577880193, 0.791538989474816379, -0.609784073989564357, -2.975222293391099893, 0.042944654979160488, 0.696208762352104604, 0.982777336447371530, 0.061592158339739293
0.145049101294161459, 0.763951332723555865, -0.792374704939005525, -0.778031439638412370, 0.041957777483204596, 0.708516454659796957, 0.988040494342108278, 0.066523923907613886
0.224120046583247967, 0.726767694618043025, -0.364002228825112684, -1.137752411084941739, 0.041012686250152891, 0.720824146967489310, 0.993303652236845136, 0.071850582466286297
0.287585878459504396, 0.711666638209824343, -1.261860731736275554, 0.473752414557919277, 0.040106876403411894, 0.733131839275181552, 0.998566810131581994, 0.077603753619737176
0.350602945599562177, 0.699059902052460047, -0.758802649991077161, -0.496859226878511917, 0.039238034500178404, 0.745439531582873904, 1.003829968026318742, 0.083817588795451564
0.237401379753949315, 1.051289022264226158, -1.069233601423230207, -0.191593205875798978, 0.036832696391537509, 0.782362608505950852, 1.019619441710529317, 0.105606942266965848
0.299874677899525433, 0.548747712516928332, -0.668780483860462960, -0.695315533470040492, 0.036091841693064161, 0.794670300813643093, 0.925159607915515547, 0.114063029789144829
0.364192700456794582, 0.579954999568585872, -0.849483572030657497, -2.255137444036127814, 0.054880261923404706, 0.647924738683465673, 0.930422765810252406, 0.123196207421574305
0.447333953753067171, 0.577825982104802849, -0.457582646533771065, -2.517005867604838354, 0.053420007046613101, 0.660232430991157915, 0.935685923704989264, 0.133060690664767417
0.250282003006020881, 0.897549339821793302, -0.714120166910027110, -2.262884131860425363, 0.050702403408142110, 0.684847815606542509, 0.946212239494462870, 0.066991389930278575
0.312230226507401620, 0.860947523407464499, -0.897294826570927850, -0.117487438168195180, 0.049436313978805234, 0.697155507914234862, 0.951475397389199729, 0.072355479111563939
0.378421557166900069, 0.842101877162795276, -0.518376322820681912, -0.016388489342395118, 0.039911380741614315, 0.709463200221927215, 0.956738555283936587, 0.078149078007078626
0.470480025561620385, 0.450687879874186570, -1.004592395164100260, -2.167053351952284324, 0.039036085866358719, 0.721770892529619457, 0.962001713178673445, 0.084406578027625676
0.195767010440457967, 0.803904943946242234, -0.621878764211838853, -2.059524198253273486, 0.038196561735475691, 0.734078584837311698, 0.967264871073410304, 0.091165124349750368
0.262875747799229120, 0.763000938258600270, -0.803644587812834765, 0.076895317295660126, 0.037390726444524652, 0.746386277145004162, 0.972528028968147051, 0.098464836413404727
0.393495556290848925, 0.722884521041806338, -1.198944279876031249, 0.958429954066037038, 0.035872555984669728, 0.771001661760388646, 0.983054344757620768, 0.114864554830612156
0.498974511403396159, 0.687931244698919087, -0.736491783180942883, 0.369712561997243672, 0.035156777865883906, 0.783309354068080999, 0.988317502652357627, 0.124061911633050415
0.100451467721618920, 1.653543851807929066, -0.922322135182442215, -1.159646409947663770, 0.034467779011951319, 0.795617046375773351, 0.993580660547094485, 0.133995712957265672
0.196484051148746786, 0.715288313294515921, -0.545995749136708786, -1.553535534809371121, 0.052407586564482682, 0.648871484245595820, 0.998843818441831344, 0.062460820368386252
0.394244794495090700, 0.680249075186229013, -0.826383314086729159, -0.997372506685537341, 0.048492186453322587, 0.685794561168672767, 1.014633292126041919, 0.078698234408640516
0.125120294438034518, 1.294588255753315931, -0.423245828278120684, -1.456972989347040892, 0.047304350423042853, 0.698102253476365009, 1.019896450020778556, 0.084999706108466355
0.210978196003656027, 1.068776695886862749, -1.106517741540418376, -0.676416659688632071, 0.046169007658546479, 0.710409945784057251, 0.920188037715777951, 0.091805744980377857
0.275873074413025610, 1.009862032053609360, -0.691585570497480928, -1.184827484608151016, 0.045082907071504537, 0.722717638091749714, 0.925451195610514810, 0.099156752385084743
0.338114252496254764, 0.557937820339457713, -0.873072329546930925, 1.246239613840244287, 0.044043052814948629, 0.735025330399441956, 0.930714353505251668, 0.107096364673675642
0.410508705129148055, 0.572042436215096539, -0.489065740974861551, -2.952397483058387007, 0.043046680229502039, 0.747333022707134198, 0.935977511399988527, 0.115671712217575495
0.145986577784298299, 1.048075611869962120, -0.975673353459688419, 0.529533126582131031, 0.034838070914283308, 0.759640715014826662, 0.941240669294725274, 0.124933699179374746
0.164382232568512615, 0.817216402795802432, -0.772760643343546660, -2.824056791085707729, 0.048672947665562717, 0.662125922115418319, 0.967556458768409566, 0.079251249752125580
0.238027818814425335, 0.761833875133642979, -0.965263174577984939, -0.351587413792160408, 0.047455851112746715, 0.674433614423110561, 0.972819616663146314, 0.085597002121812996
0.300465550060751929, 0.738827878006764971, -0.588153291586870464, -0.687178141939667197, 0.046293956443745253, 0.686741306730802803, 0.978082774557883172, 0.092450867275378809
0.364859658257735697, 0.721581795599585574, -1.092034425394900365, -0.714025636240436246, 0.045183747251883455, 0.699048999038495267, 0.983345932452620031, 0.099853530475357638
0.448359499430608210, 0.697427038392298693, -0.683071381907059294, -1.202300528769563170, 0.044121991343118581, 0.711356691346187509, 0.988609090347356889, 0.107848934707057587
0.181058004544836698, 1.177992428751424736, -0.864160554533768499, 1.249888605210628389, 0.043105713152410949, 0.723664383653879750, 0.993872248242093748, 0.116484541528730723
0.312826428520873834, 0.503868664254892518, -1.179036119489597079, 0.324290367882004715, 0.041198826644940199, 0.748279768269264456, 1.004398564031567354, 0.135885515019492725
0.379123902741179575, 0.550179025432417146, -0.728114961545467398, -0.404466138749759008, 0.040303343237480520, 0.760587460576956698, 1.009661721926304212, 0.063341733529975325
0.471701792037647061, 0.549548377889221173, -0.912830353002139105, -1.934643883173993384, 0.039443550642908609, 0.772895152884649161, 1.014924879821041070, 0.068413589896974394
0.105788786054924422, 1.260909782492390718, -0.535811909836384159, -2.144323473917544742, 0.038617438619975020, 0.785202845192341403, 0.920465046026027300, 0.073891556510313552
0.199449111412411673, 0.987156770898156344, -1.023676602521081058, 1.471505949552414982, 0.037823141194757215, 0.797510537500033645, 0.925728203920764159, 0.079808151154458412
0.265966238492094165, 0.915770044061118393, -0.636765418091837510, -2.585620139673911133, 0.047504643676601614, 0.650764975369856113, 0.930991361815500906, 0.086198495355878341
0.327875160294942125, 0.886180366680009213, -0.817820291102878794, -0.453905068067566975, 0.046319410520948782, 0.663072667677548355, 0.936254519710237765, 0.093100522868111768
0.397395140642298084, 0.463810413149749412, -0.409441215101127409, -0.447251460102530363, 0.045188234149496395, 0.675380359985240819, 0.941517677604974623, 0.100555204850506771
0.129542676623846637, 0.958335602034847356, -1.236214407562502560, -1.066650356766335683, 0.044107639566906852, 0.687688052292933061, 0.946780835499711482, 0.108606793077320768
0.213786414409804282, 0.826913619298188629, -0.750436821819904010, -1.459821356511920687, 0.043074435737532141, 0.699995744600625303, 0.952043993394448340, 0.117303082620894464
0.278338507532863433, 0.785776812137009673, -0.938463166382187852, 0.709042999441973243, 0.042085687694187135, 0.712303436908317766, 0.957307151289185199, 0.126695695568215388
0.413932058313781104, 0.741373111687960940, -1.056243789567305802, 0.336933383626670246, 0.040230953933998552, 0.736918821523702250, 0.967833467078658805, 0.063786838185603698
0.149833681985551165, 1.325406350266376432, -0.660135426779239087, 0.061871257248989675, 0.039360169706039477, 0.749226513831394714, 0.973096624973395663, 0.068894334670986310
0.227458183828877253, 0.632766020863511858, -0.840770882278024989, -1.502858240525513533, 0.038524207304282167, 0.761534206139086955, 0.978359782868132521, 0.074410795154118609
0.290631813274599138, 0.650749808134609808, -0.445086132029929082, -1.985817483745452305, 0.037721091810404304, 0.773841898446779197, 0.983622940762869380, 0.080368965923115349
0.167836995134734157, 1.097588405825819624, -0.888126932783299683, -1.083653155346121277, 0.054928653447287985, 0.651711720931986371, 0.999412414447079844, 0.101261809916903395
0.240628390835940814, 0.982114836217240050, -0.507605570127251715, -1.502546916682637734, 0.053471627250948374, 0.664019413239678613, 1.004675572341816814, 0.109369976945799877
0.302929371312525675, 0.942740383270605276, -0.993533895438206915, -1.738516086206655320, 0.052083314453580894, 0.676327105547370855, 1.009938730236553450, 0.118127375630958792
0.367654843379892848, 0.511764087211376562, -0.612824470399699783, -1.890834828991993843, 0.050759204886000588, 0.688634797855063319, 1.015201888131290309, 0.127585990809642585
0.452714702433186233, 0.529827158509490914, -0.795187135680414769, 0.308334882946098121, 0.040976347645623606, 0.700942490162755560, 0.920742054336276539, 0.137801969813777986
0.253427979799956571, 0.840988764552131007, -1.271121713244253160, 1.490982597430370094, 0.039181783700120452, 0.725557874778140266, 0.931268370125750256, 0.069378457655936851
0.315314600116055443, 0.808677351118483156, -0.761592231609569348, 0.893048656596933110, 0.038339351315040154, 0.737865567085832508, 0.936531528020487114, 0.074933682506679505
0.382071738003195827, 0.787299540183432955, -0.951700142868835530, -2.639925763218154309, 0.037530657476604425, 0.750173259393524750, 0.941794685915223972, 0.080933721557463201
0.476927374211811750, 0.760154701429115676, -0.575485774642150560, -2.343059505156461331, 0.036753777971391038, 0.762480951701217102, 0.947057843809960831, 0.087414191669508576
0.110902544038871065, 0.955335973326140508, -1.073672541520417578, 1.204971143269199407, 0.036006929013087781, 0.774788644008909455, 0.952321001704697578, 0.094413561593214013
0.202379203577192524, 0.804596657436978835, -0.671649786415246641, -2.943219176758109956, 0.035288454865629114, 0.787096336316601697, 0.957584159599434437, 0.101973380322693374
0.268451097782974157, 0.765298770846969401, -0.852402675338944871, -0.673233396889861169, 0.034596816736790152, 0.799404028624294050, 0.962847317494171295, 0.110138523734963800
0.330416588260244448, 0.744140412099346449, -0.461657620543904301, -0.985784676414543259, 0.054508006278918934, 0.640423600768126544, 0.968110475388908154, 0.118957460977859183
0.400593588058768435, 0.724521609369411124, -1.154661957987284993, -0.198989388585583571, 0.053051685987901623, 0.652731293075818786, 0.973373633283645012, 0.128482542187976001
0.133829812040672819, 1.343896567448821910, -0.716923398932776346, -0.859925084308254428, 0.051664837132877416, 0.665038985383511139, 0.978636791178381760, 0.138770309246576157
0.216568169721667869, 1.141779709107233476, -0.900375373350695285, 1.909870255814494655, 0.050342839519850968, 0.677346677691203491, 0.983899949073118618, 0.064686452775396863
0.343316076756239041, 0.626797522613265046, -1.008341103314248866, -0.251809059035696170, 0.047876819319458315, 0.701962062306587975, 0.994426264862592335, 0.075460244207604776
0.417421214239938387, 0.620822534238216650, -0.624875649886917794, -0.643734040023594023, 0.046725345771897478, 0.714269754614280439, 0.999689422757329194, 0.081502445750107969
0.153590726285503520, 1.102600542496662506, -0.806471160303478318, -2.126370724870020101, 0.045623756465233194, 0.726577446921972681, 1.004952580652066052, 0.088028454360340624
0.230127770750122640, 0.965326839897755584, -0.390071350625461999, -2.614303206920564282, 0.036902649057669365, 0.738885139229664922, 1.010215738546802910, 0.095077009110003330
0.356623127105697713, 0.901051695402542596, -0.739281901381194095, -1.906781263669776294, 0.035409152035018029, 0.763500523845049628, 0.921019062646525888, 0.110912471130250503
0.436029885474207346, 0.503216403340647433, -0.925516983498265278, 0.225602972670134072, 0.034705057071111524, 0.775808216152741870, 0.926282220541262746, 0.119793379364556238
0.171228138159112364, 0.899986077801628093, -0.549348021472389814, 1.024601716575032739, 0.034027329918834504, 0.788115908460434333, 0.931545378435999605, 0.129385393665316345
0.243214205970683467, 0.822500434611653120, -1.039614525917401000, -2.677656730047406786, 0.051980147511373496, 0.641370346330256691, 0.936808536330736463, 0.139745453235639999
0.305396686042563870, 0.789838085208655616, -0.648512796885335585, -2.112202602861207978, 0.050619364580213717, 0.653678038637949044, 0.942071694225473211, 0.060350170046508667
0.370477259219128663, 0.768317811152755881, -0.829248612881948177, -0.002735116437844964, 0.049322738380028389, 0.665985730945641285, 0.947334852120210069, 0.065182487969336136
0.187358042114009082, 1.259689193109154282, -1.111497635616292001, 0.399777429307970944, 0.046905376905657520, 0.690601115561025991, 0.957861167909683786, 0.076038896077729567
0.255953326491364375, 0.560196448313562412, -0.694414912161088416, -0.078967976853952848, 0.045777200686200191, 0.702908807868718233, 0.963124325804420645, 0.082127431040684248
0.317809757203519228, 0.602505636699555924, -0.876062260217517097, -1.566243680948053330, 0.044698232572007328, 0.715216500176410475, 0.968387483699157503, 0.088703483049615284
0.385055570509052980, 0.609384655412309018, -0.492836969361993171, -1.963973888612656538, 0.043665457277811556, 0.727524192484102938, 0.973650641593894250, 0.095806088239087719
0.482390232548991826, 0.591396524970355109, -0.979192396027582124, 1.987537404302771371, 0.042676094053847521, 0.739831884791795180, 0.978913799488631109, 0.103477408418582661
0.205276235587753514, 1.043862326861403123, -0.783954672016532017, -1.356773471557919386, 0.040817524372220991, 0.764447269407179886, 0.989440115278104826, 0.120711991061692558
0.270930057185719719, 0.976389345749169468, -0.347157407780485205, -2.008743507479526791, 0.039943743433713069, 0.776754961714872127, 0.994703273172841684, 0.130377559815816529
0.332969672294676999, 0.509134895227843276, -1.290954735213597271, -0.083265720682653033, 0.032381845043876790, 0.789062654022564369, 0.999966431067578432, 0.060774252877190162
0.403843129243661503, 0.544121986900566679, -0.767174027360684851, -1.010339348105196544, 0.049466944704220778, 0.642317091892386838, 1.005229588962315290, 0.065640527673078375
0.137993030906095299, 1.031116430205746504, -0.958438519007959733, 1.324976586032206471, 0.048200881967328316, 0.654624784200079080, 1.010492746857052149, 0.070896451527046364
0.219324895412385062, 0.886551417608100523, -0.581849890559253735, -2.721772191065370272, 0.046993720892431950, 0.666932476507771543, 1.015755904751789007, 0.076573224154447270
0.283260604205332445, 0.837767564214423666, -1.082727270768660821, 0.834636368076795754, 0.045841609875593534, 0.679240168815463785, 0.921296070956775237, 0.082704543473101411
0.345940837604037377, 0.812114789242506352, -0.677371243874811624, 1.081578476943839906, 0.044741016937352156, 0.691547861123156027, 0.926559228851511985, 0.089326805637670897
0.420980716789881471, 0.791982117354307014, -0.858264775440450989, -2.538686934753441093, 0.043688697875126817, 0.703855553430848491, 0.931822386746248843, 0.096479321091052214
0.157264083994406972, 0.764182704746033781, -0.469681099645149924, -2.628623813712866131, 0.042681668095040301, 0.716163245738540732, 0.937085544640985701, 0.104204547915288576
0.232778525840630246, 0.728839196962998814, -1.166570622581859507, 1.853886098498840562, 0.041717177642026898, 0.728470938046232974, 0.942348702535722560, 0.112548343867199252
0.295545701520560977, 0.713390589583942081, -0.722523052217538542, -2.439409521710839801, 0.040792689017048155, 0.740778630353925438, 0.947611860430459418, 0.121560238594834405
0.359345163278983359, 0.699975091165448760, -0.906575535997849125, -0.243369114770321637, 0.039905857429042367, 0.753086322661617680, 0.952875018325196277, 0.131293727650661524
0.440027131034829766, 0.678818288600333886, -0.528910483447291857, -0.355093537550046356, 0.039054513178806691, 0.765394014969309922, 0.958138176219933024, 0.061201315753282276
0.174559635025360704, 1.154745313614585545, -1.015938486957957299, -0.609942284096200105, 0.038236645913929349, 0.777701707277002163, 0.963401334114669883, 0.066101786038408147
0.245786190840385027, 1.048328703098758030, -0.630839486347622769, -1.050346107310271559, 0.037450390529434510, 0.790009399584694627, 0.968664492009406741, 0.071394643459657167
0.461863990445369410, 0.577598643392128297, -1.220596864889500477, 0.378964503482043580, 0.054060839002988838, 0.667879222069901690, 0.984453965693617317, 0.089954508336128350
0.190440760927594377, 0.971581964557914013, -0.744860081169027799, -0.469365390208551281, 0.043609485029841508, 0.680186914377594043, 0.989717123588354175, 0.097157284774650590
0.258469059078334285, 0.894440293589933377, -0.931955763841620821, -2.076249252553245661, 0.042588309574470788, 0.692494606685286285, 0.994980281483090923, 0.104936797047573457
0.320312633671832325, 0.861102283609534447, -0.555992619594673165, -2.177710504832510718, 0.041611244087825447, 0.704802298992978526, 1.000243439377827892, 0.113339225155834125
0.388077501115136336, 0.844125301642370540, -1.047836494379855043, 1.402443552694126794, 0.040675590035548992, 0.717109991300670990, 1.005506597272564528, 0.122414446794113438
0.488120922159879123, 0.456904185462013612, -0.654338650647949827, -2.663229869059996258, 0.039778859373918521, 0.729417683608363232, 1.010769755167301387, 0.132216333430063726
0.120549747123455619, 1.044713991090851390, -0.834997051680928304, -0.502976220841868216, 0.038918754772434214, 0.741725375916055474, 1.016032913062038245, 0.061631379615672090
0.208142002399657189, 0.870571270056339830, -0.436511605095132316, -0.640648192441840125, 0.038093151996202140, 0.754033068223747827, 0.921573079267024475, 0.066566285682976928
0.273403818736894566, 0.819251605833385410, -1.121707436641749656, -1.996689838876698708, 0.037300084180645163, 0.766340760531440179, 0.926836237161761334, 0.071896336205021977
0.335535266552971723, 0.792760570667639164, -0.700061811823633584, -1.814831382541012728, 0.036537727767967085, 0.778648452839132421, 0.932099395056498192, 0.077653170920838219
0.407146999348765692, 0.771621815357112051, -0.882072967852297718, 0.306364549194610869, 0.035804389906095524, 0.790956145146824774, 0.937362552951235051, 0.083870963005201374
0.222057952898775640, 0.692747237836550345, -0.986308462482545223, -0.101608066869735489, 0.053115770849715409, 0.656518275324339595, 0.947888868740708657, 0.097840012533608134
0.285718603159247353, 0.688469348860109576, -0.606731966971931991, -0.381167048519768237, 0.051731190352335775, 0.668825967632031837, 0.953152026635445515, 0.105674191721031485
0.348582841124873200, 0.680463806075687350, -0.789565287585607622, -1.879177679241731846, 0.050411094967282702, 0.681133659939724190, 0.958415184530182374, 0.114135663995928338
0.424615550916381368, 0.664094009192209289, -0.358498171552723566, -2.504893319128374873, 0.049151295466452471, 0.693441352247416543, 0.963678342424919232, 0.123274657545346611
0.298004549332899715, 0.987520108213134962, -0.945043204835436246, -0.568243174469256207, 0.037850444690478734, 0.730364429170493379, 0.979467816109129696, 0.067034049383371361
0.362090230792227574, 0.553782845072311680, -0.569057396393587545, -0.933997088886628912, 0.037054237290966671, 0.742672121478185732, 0.984730974003866555, 0.072401554363478809
0.444133860388544188, 0.559900551619827325, -1.064850563722028465, -1.008144051682125841, 0.036289407895764819, 0.754979813785877973, 0.989994131898603413, 0.078198842565344359
0.177835136100463365, 0.963406816654544529, -0.665905150495244458, -1.404088540023433973, 0.035554189985062476, 0.767287506093570326, 0.995257289793340272, 0.084460327299880511
0.248345241041366127, 0.877128622403516633, -0.846572078425897545, 0.928263187898226150, 0.034846944539095592, 0.779595198401262568, 1.000520447688077130, 0.091223177397312769
0.376210094364845316, 0.819700674438381349, -1.143248529359881527, 1.172342787756580407, 0.052070019349749586, 0.645157328578777389, 1.011046763477550847, 0.106416768093566885
0.466687887856735317, 0.799709847381925631, -0.711314395014020606, 1.540961798503949431, 0.050710324479384943, 0.657465020886469742, 1.016309921372287706, 0.114937699440597410
0.260975953019506268, 0.666628128012729193, -0.514813425813487102, -2.746924340776780937, 0.048178316307449939, 0.682080405501854337, 0.927113245472010683, 0.134081040099119031
0.322823978859160421, 0.666775647575783892, -1.000875613628152472, 0.734541243442246250, 0.046997961666461481, 0.694388097809546689, 0.932376403366747541, 0.062500594799688738
0.494156349893783209, 0.628929329938808457, -0.800821867481728122, -1.029305167854686065, 0.044790859544197349, 0.719003482424931284, 0.942902719156221147, 0.072910322708233111
0.101538081616219134, 1.486317067540333658, -0.379915041519648389, -1.538603323529164957, 0.043757870304729288, 0.731311174732623526, 0.948165877050958006, 0.078748348664259546
0.197079956306913884, 1.146589492690252898, -1.192132340811547841, -0.183068259373489362, 0.042768163601111069, 0.743618867040315878, 0.953429034945694864, 0.085053833078803973
0.263973624059448908, 0.574506953041269308, -0.733700718218965431, -0.911669193988347115, 0.041819188615001349, 0.755926559348008120, 0.958692192840431723, 0.091864205968808066
0.325849852323043865, 0.607243846484470717, -0.919143039321808297, 1.639148694942755835, 0.040908585528391196, 0.768234251655700584, 0.963955350735168581, 0.099219894422167512
0.126016185475466697, 1.171372842036523032, -1.031565095454711312, -0.274596708692837754, 0.032535626062395816, 0.792849636271085068, 0.974481666524642187, 0.115745370817384258
0.211542028124668047, 0.970801406083978802, -0.642655773993637713, -0.716206605356315418, 0.049585035200204623, 0.646104074140907536, 0.979744824419379046, 0.125013255720676453
0.276366445112237014, 0.909899331033702463, -0.823523648221613169, -2.235046533211020758, 0.048318483903830776, 0.658411766448599889, 0.985007982314115904, 0.135023232424047512
0.338631736322113075, 0.884459800241716665, -0.418707427619650407, -2.609388923093262314, 0.047110651706534203, 0.670719458756292242, 0.990271140208852763, 0.062939788742994995
0.411188316215424177, 0.474545306862637351, -1.101616174494104872, 1.918702470289906481, 0.045957714799682768, 0.683027151063984483, 0.995534298103589510, 0.067979460859367805
0.146763532353643922, 0.920033559071351204, -0.688752013928340401, -2.277163900246893746, 0.044856165282773738, 0.695334843371676836, 1.000797455998326368, 0.073422666186572574
0.225308199327554526, 0.818482948988731085, -0.870092268448339090, -0.154567571441141915, 0.043802779830879782, 0.707642535679369189, 1.006060613893063227, 0.079301716162433894
0.288666743056003872, 0.782149923030400318, -0.485260813376974465, 0.096654073358181769, 0.042794591965104142, 0.719950227987061431, 1.011323771787800085, 0.085651509444331572
0.351777499752973732, 0.760271735947851579, -0.972179285147532379, -2.097272463555001742, 0.041828867457111715, 0.732257920294753673, 1.016586929682536944, 0.092509739071292035
0.429084555897399578, 0.737581455435189159, -0.594399338044824255, -2.098799094414249389, 0.040903082466670376, 0.744565612602446025, 0.922127095887523063, 0.099917116213821877
0.165078477248822686, 1.281290668422514489, -0.778353660396551295, 0.066724868282419969, 0.040014904068228101, 0.756873304910138378, 0.927390253782259921, 0.107917611839686581
0.300958067219829928, 0.652704541371887825, -1.327982398849546275, 1.621835351963516025, 0.038342887475601439, 0.781488689525522862, 0.937916569571733638, 0.125891728396360342
0.365416588658634967, 0.650468314593747099, -0.776255428039403839, 0.697566361406905422, 0.037555190552580345, 0.793796381833215325, 0.943179727466470497, 0.135972045568567707
0.449219809947784487, 0.633535031231799661, -0.969574682809289379, -0.853074350354865674, 0.057111302809604227, 0.647050819703037794, 0.948442885361207355, 0.063382068918047582
0.181696539923397404, 1.068293248034794640, -0.592063585862971364, -1.258309589499901016, 0.055567377420527760, 0.659358512010730036, 0.953706043255944103, 0.068457154992909164
0.379710686370463291, 0.519762431684544279, -0.867863517879790769, -1.108684295571327194, 0.042725836140564924, 0.696281588933806983, 0.969495516940154678, 0.086253385703326371
0.472729217290648762, 0.528673710146849385, -0.482384335123356767, -1.545945023479543545, 0.041746543603813781, 0.708589281241499225, 0.974758674834891536, 0.093159808358267135
0.106828614687922846, 1.217190044605056753, -1.187142042650854323, -0.753725308532810390, 0.040808649695481571, 0.720896973549191689, 0.980021832729628395, 0.100619237408258150
0.200037864525348053, 0.959171345936700059, -0.731606680013063060, -1.294228239914078094, 0.039909675508699491, 0.733204665856883930, 0.985284990624365253, 0.108675952806648046
0.266463716413919249, 0.890840368192095555, -0.916768789264075790, 0.944247933572092801, 0.039047331431527096, 0.745512358164576172, 0.990548148519102001, 0.117377780061206013
0.398030889544848554, 0.845202659603242035, -1.028588639240018088, 0.462751900244059988, 0.037424218996948408, 0.770127742779960878, 1.001074464308575607, 0.136927526057418508
0.130410539792915753, 0.906719314081819938, -0.640450915413497301, 0.504496760946359757, 0.036659670230777840, 0.782435435087653119, 1.006337622203312465, 0.063827457011908770
0.278831195053265535, 0.762058555124983439, -0.415262910757142056, -2.999917918981235498, 0.054625655217732084, 0.647997565265167830, 1.016863937992786182, 0.074458179210917214
0.414624485778928409, 0.721187650032951488, -0.753922247732725981, -2.476276277031704165, 0.051792777909698634, 0.672612949880552535, 0.927667262092509270, 0.086859491368591946
0.150592082110884012, 1.283907993361631084, -0.942566913477944524, -0.205591277033279840, 0.050474766991888638, 0.684920642188244777, 0.932930419987246129, 0.093814445705666008
0.227993661172217810, 1.131109350953537040, -0.566629428024144066, -0.412221750614491622, 0.049216720753185395, 0.697228334495937241, 0.938193577881982987, 0.101326292433757167
0.291123084598194581, 0.619343368103331127, -1.061598685795194674, -0.544862676016397041, 0.048014831835995843, 0.709536026803629483, 0.943456735776719735, 0.109439622663050004
0.354461228520126403, 0.627947434061682519, -0.663744548339606277, -1.034532627088714074, 0.038832972138611768, 0.721843719111321724, 0.948719893671456593, 0.118202597972888818
0.432905252883604375, 0.618454722454201411, -0.844393295186667281, 1.900071273855931331, 0.038000237844641349, 0.734151411419014188, 0.953983051566193452, 0.127667236303965093
0.241146704293681929, 0.954995638690219084, -1.139085311656246269, 0.399358231887539772, 0.036432926016028426, 0.758766796034398672, 0.964509367355667169, 0.064275974864036634
0.303422533137024830, 0.914132346644390026, -0.709208276766078227, -0.183852665885491318, 0.035694677426719154, 0.771074488342091136, 0.969772525250404027, 0.069422637170096849
0.368217099550583682, 0.902083632343031572, -0.891933801759541955, -1.655974539671540624, 0.034984472979461688, 0.783382180649783377, 0.975035683145140775, 0.074981399532961360
0.453602327898364299, 0.408823103949591093, -0.512123530529774773, -2.002812136235628593, 0.034300789880174973, 0.795689872957475619, 0.980298841039877633, 0.080985259349140581
0.184860329784576005, 0.779702353443623597, -0.998108380054839039, 1.787594596419558757, 0.052154259190388831, 0.648944310827298088, 0.985561998934614492, 0.087469856160319256
0.253933856140306946, 0.743535233159818065, -0.616609015982428676, -2.389812810075294003, 0.050795886172837958, 0.661252003134990329, 0.990825156829351350, 0.094473683213414761
0.315813049418920300, 0.725388455874057980, -0.798707227388328000, -0.278091594274586185, 0.049501062752796442, 0.673559695442682793, 0.996088314724088209, 0.102038315960528564
0.382665559456718318, 0.708777127120373884, -0.376016588744507441, 1.114349187538510311, 0.048265632526382884, 0.685867387750375035, 1.001351472618825067, 0.110208658855191488
0.478000064980734218, 0.679400815543497294, -1.283295073631019800, -2.110982800253913716, 0.047085783104543880, 0.698175080058067277, 1.006614630513561925, 0.119033211909910286
0.111900599971849563, 1.507913230888257239, -0.765080373656110480, -1.654073977512095839, 0.045958011981136242, 0.710482772365759740, 1.011877788408298784, 0.128564358597329703
0.202961195792839832, 0.636452819888460919, -0.955901784067321736, 0.497508235031004387, 0.044879096323568561, 0.722790464673451982, 1.017140946303035642, 0.138858676804021003
0.330926245622893800, 0.659959204291536539, -1.079303273189340384, 0.192762446394781295, 0.042856180639609373, 0.747405849288836688, 0.927944270402758620, 0.069910472555842748
0.401239308935170402, 0.650601203236820025, -0.675228294505609505, -0.253009689305703667, 0.041906906653502794, 0.759713541596528930, 0.933207428297495367, 0.075508296543158562
0.134672031470029568, 1.206696956446284386, -0.856062659684982741, -1.735248468296246571, 0.033560419743038347, 0.772021233904221171, 0.938470586192232226, 0.081554345699714065
0.217121472666012200, 1.018066657370552575, -0.466691543523495844, -2.144666065311112035, 0.032917032606531713, 0.784328926211913524, 0.943733744086969084, 0.088084510007544248
0.418127334214390689, 0.537561912744767167, -0.904244237663731854, -0.879802321339331672, 0.047868791247229155, 0.662198748697120587, 0.959523217771179660, 0.110983099092508183
0.154331900191628957, 0.978770009882742320, -0.526297978356997653, -1.276481627176054401, 0.046680844792136515, 0.674506441004812940, 0.964786375665916407, 0.119869662601150478
0.230659393087014081, 0.867312424280053396, -1.013073467368059699, -1.431958153678339452, 0.045546543481287810, 0.686814133312505293, 0.970049533560653265, 0.129467785001541741
0.293579727364567611, 0.825400496610561474, -0.628607617625350112, -1.695785207720536869, 0.044462479814620627, 0.699121825620197535, 0.975312691455390124, 0.139834441755111505
0.357165753432864830, 0.801692618366476095, -0.810010119762242575, 0.557510666333873584, 0.043425521145052347, 0.711429517927889776, 0.980575849350126982, 0.060388600436606855
0.171899088004310197, 0.737335197041292578, -1.214998451579583749, 1.365362584359051557, 0.041481605659807116, 0.736044902543274482, 0.991102165139600588, 0.070446567106165828
0.243729680276656202, 0.715818253251840675, -0.742768516320730821, 1.148818086752601886, 0.040569532692570798, 0.748352594850966724, 0.996365323034337447, 0.076087316893058685
0.305890627879345067, 0.703846425494282224, -0.929533387651779619, -2.365123729065204738, 0.039694292650399303, 0.760660287158659076, 1.001628480929074305, 0.082179728974728528
0.371045145411158850, 0.691060449034340274, -0.553510061824618260, -2.314328611390468193, 0.038853782113280916, 0.772967979466351429, 1.006891638823811164, 0.088759968548397433
0.458129142785113075, 0.667275663109744066, -1.044732252923566085, 1.225993270402766511, 0.038046050756916583, 0.785275671774043671, 1.012154796718548022, 0.095867096606453900
0.187978021831675501, 1.116198359545271579, -0.652157473850677127, -2.842882200540866933, 0.037269287927894051, 0.797583364081736024, 1.017417954613284881, 0.103543301806601470
0.256457217048525088, 1.029932068314874050, -0.832838515699625082, -0.637375827085648217, 0.056553562341001597, 0.650837801951558492, 0.922958120818270999, 0.111834150908156196
0.318309691200891365, 0.556375854256204949, -0.433242224210002191, -0.903742023460958777, 0.045518050225399308, 0.663145494259250845, 0.928221278713007858, 0.120788859261110298
0.385656839112858474, 0.578037213763337165, -1.117838300418562580, -0.220766016834561762, 0.044415873487632353, 0.675453186566943087, 0.933484436607744716, 0.130460582953612403
0.483513864771678237, 0.566571423071899338, -0.697945990556763318, -0.815025596410139497, 0.043362732403974688, 0.687760878874635440, 0.938747594502481575, 0.060812953319031443
0.271425203044992458, 0.938359007657579292, -0.983627476020247027, -0.620690585787211146, 0.040467902845051945, 0.724683955797712276, 0.954537068186692039, 0.076621985224599412
0.333481762529957482, 0.913955045569130764, -0.604434992310880714, -1.031970024104238437, 0.039582425720288320, 0.736991648105404629, 0.959800226081428898, 0.082757208906622387
0.404499448843326836, 0.505472708797874759, -0.787460078365359029, -2.607888080418880428, 0.038732812257367452, 0.749299340413096981, 0.965063383976165756, 0.089383688062098787
0.283752327663549575, 0.806685794074234686, -0.770664997376058425, -2.060013840678703190, 0.036379279168405804, 0.786222417336173818, 0.980852857660376332, 0.112620013537001143
0.346467825631683823, 0.782496037092082597, -0.962693497021168909, 0.134572638022100788, 0.035653950363659738, 0.798530109643866171, 0.986116015555113079, 0.121637646949873474
0.421701489147340403, 0.760587125412845011, -0.585796414032858870, 0.177479268524720624, 0.054097370055642184, 0.651784547513688639, 0.991379173449849938, 0.131377334195053569
0.157989229698308559, 1.344292627839547283, -1.088513313298498542, -1.916624217997435764, 0.052670967133840729, 0.664092239821380992, 0.996642331344586796, 0.061240288144530031
0.233306512902361984, 0.680231849947118938, -0.680936212462343149, -1.836368721572816387, 0.051311616100962035, 0.676399932129073234, 1.001905489239323543, 0.066143879000560263
0.296037330748182281, 0.679278177419071150, -0.861945549250469178, 0.289130242913023361, 0.050014924845316264, 0.688707624436765586, 1.007168647134060402, 0.071440106860952673
0.440839432653924335, 0.653773709055079810, -1.174291917977516864, 0.806215056048277479, 0.039368060949366089, 0.713323009052150181, 1.017694962923534119, 0.083338746810912828
0.175219103356284156, 1.111170514563037282, -0.726018801733706587, 0.253589847463058682, 0.038513125971600733, 0.725630701359842423, 0.923235129128520349, 0.090011790475412815
0.246299007511750351, 1.005653386194321541, -0.910478191372878887, -1.261107114184698119, 0.037692849261192492, 0.737938393667534775, 0.928498287023257207, 0.097219153570577643
0.308363032544325788, 0.974688963815424803, -0.533234780824810128, -1.654278986257652129, 0.036905227892832113, 0.750246085975227128, 0.933761444917994066, 0.105003619759805794
0.191052249463385337, 0.858847176119165945, -0.815686729978780778, -1.087288021537599514, 0.034720411338053307, 0.787169162898304076, 0.949550918602204530, 0.132300527480671254
0.258971120471876259, 0.802308786781863015, -0.405897788585177943, -1.589331367479745349, 0.034046155312082993, 0.799476855205996317, 0.954814076496941389, 0.061670625867324622
0.320814200942173833, 0.775195598559847543, -1.230233937773418162, -0.176035134744319866, 0.053647479376446913, 0.640496427349828812, 0.960077234391678247, 0.066608674433898632
0.388686653848775876, 0.754486336338412333, -0.748345613584964764, -0.970975665016599487, 0.052223396845942731, 0.652804119657521054, 0.965340392286415105, 0.071942119079284966
0.489302316382519753, 0.722222054087343412, -0.936014599200885811, 1.446327400177683353, 0.050867007549545873, 0.665111811965213517, 0.970603550181151853, 0.077702619690386832
0.121476390991034189, 0.826983642135179164, -0.560106517261993453, -2.678387421187432338, 0.049573819706044173, 0.677419504272905759, 0.975866708075888711, 0.083924371203118908
0.208711554541132216, 0.749576507462167085, -1.053068469536380558, 0.832911372363903335, 0.048339718376843831, 0.689727196580598001, 0.981129865970625570, 0.090644306587133877
0.273898008359979739, 0.726756728938703911, -0.657964913331805734, 1.814022653686258035, 0.047160927590243644, 0.702034888888290465, 0.986393023865362428, 0.097902316083804924
0.142839317683732092, 1.256950783588144605, -1.128269689256371944, 1.378327906898190625, 0.043923066736430080, 0.738957965811367412, 1.002182497549573004, 0.123353157625380086
0.222601839300064219, 1.082492241896507501, -0.703583757446133551, -2.902746248509767035, 0.035517662918126816, 0.751265658119059654, 1.007445655444309862, 0.133230208078943313
0.286210043910787582, 0.557145940191002831, -0.885851460818383507, -0.584632326195979823, 0.034805643891366769, 0.763573350426751896, 1.012708813339046721, 0.062103987588883310
0.349113403359775698, 0.589724970574203144, -0.504873317421331014, -0.886354179722792734, 0.034120570523669444, 0.775881042734444248, 1.017971971233783357, 0.067076736001581025
0.425352030824248606, 0.590621202403830092, -0.990811114242828417, -1.011408848963725626, 0.033460979644499185, 0.788188735042136601, 0.923512137438769698, 0.072447658955657385
0.161569714788711544, 1.037858663372225099, -0.610545257525881846, -1.402562681670979750, 0.051122714646449220, 0.641443172911959070, 0.928775295333506445, 0.078248638813187513
0.235936092067393521, 0.922023080055710653, -0.793077522055036344, 1.234286990179751520, 0.049793997480776141, 0.653750865219651311, 0.934038453228243304, 0.084514110799139147
0.362642123795401838, 0.857635238114005438, -1.264138926714918565, 0.835950965348965180, 0.047319630349941806, 0.678366249835036017, 0.944564769017717021, 0.098590279204755507
0.444969153481825086, 0.460106602348541560, -0.759499979969995298, -0.115415586647192647, 0.046166110895131070, 0.690673942142728259, 0.949827926912453879, 0.106484533236691964
0.178483817469692163, 0.838398653126949833, -0.949194497649483715, -1.574250607757043730, 0.045063657568287986, 0.702981634450420501, 0.955091084807190738, 0.115010890628345228
0.248855575701587839, 0.781697883052051345, -0.573082860414047324, -1.852783800555125371, 0.044009092795073187, 0.715289326758112853, 0.960354242701927596, 0.124219964731622834
0.310840436495170791, 0.756149379611280037, -1.070338009780650523, 1.880877822199566118, 0.042999490025361700, 0.727597019065805206, 0.965617400596664344, 0.134166421576450562
0.376790224392368422, 0.736815057636745041, -0.669498365575465937, -2.291392308635912478, 0.042032149909156422, 0.739904711373497448, 0.970880558491401202, 0.062540394558954868
0.467674824354611163, 0.708676853579958022, -0.850212624174940479, -0.179116639863082128, 0.041104579095860468, 0.752212403681189801, 0.976143716386138061, 0.067548086654851833
0.194085464788445239, 1.185887457820088198, -0.458605470453790298, 0.236530899107965098, 0.040214471329737739, 0.764520095988882153, 0.981406874280874919, 0.072956751279050769
0.261476338122694996, 0.616056292616114609, -1.150326863766607310, -1.157249750647487474, 0.039359690559793215, 0.776827788296574395, 0.986670032175611778, 0.078798494832139826
0.323327331272240226, 0.632672359844605903, -0.714821205097519452, -1.494191817460950311, 0.038538255820792226, 0.789135480604266748, 0.991933190070348525, 0.085107994516659832
0.391757278918136997, 0.630494909996621833, -0.898063774422330319, 0.686598876703721661, 0.048612589755264092, 0.642389918474089217, 0.997196347965085383, 0.091922704184616261
0.102614894626684661, 1.425809391004717597, -1.005526539361565108, 0.233113246081277620, 0.046201402571604620, 0.667005303089473811, 1.007722663754559100, 0.107232803908406893
0.197674398561736409, 1.101163568826214245, -0.622628947613680039, 0.130036858734574823, 0.045077806140739723, 0.679312995397166053, 1.012985821649295959, 0.115819076322259282
0.264472194658257553, 1.028067109892726760, -0.804350861457268307, -1.527948467614396177, 0.044004215735631354, 0.691620687704858406, 1.018248979544032817, 0.125092862922795145
0.326355552529979054, 0.564564793401890697, -0.386302284531657936, -2.116984573677376691, 0.042977492200610645, 0.703928380012550758, 0.923789145749018936, 0.135109213880112600
0.212104753869471085, 0.934392688834711493, -0.923119352976034535, -0.990975012795668020, 0.040150749174891469, 0.740851456935627706, 0.939578619433229512, 0.073469421012638925
0.276859668361486788, 0.876580200034476786, -0.546835740257107239, -1.392069037821599631, 0.039284769163191464, 0.753159149243319948, 0.944841777327966370, 0.079352214709252022
0.339149799600932722, 0.849372099063601449, -1.036576417551817064, -1.664296900384071964, 0.038453276795323045, 0.765466841551012300, 0.950104935222703118, 0.085706051476572870
0.411870424163597038, 0.834084047154316166, -0.646320180512090503, -1.800131612865671027, 0.037654324617009245, 0.777774533858704542, 0.955368093117439976, 0.092568648356181393
0.147536662875229596, 0.857944537546779129, -0.827099101579252372, 0.370328331292500090, 0.036886105551394606, 0.790082226166396895, 0.960631251012176834, 0.099980742443054105
0.289158018888382884, 0.750906591009256830, -1.107755231913564176, 0.695457106940135628, 0.054713179957876217, 0.655644356343911716, 0.971157566801650551, 0.116632941166315313
0.352312638423305513, 0.732365050472607249, -0.692293292595536069, 0.448353575757022282, 0.053269209640002438, 0.667952048651603958, 0.976420724696387410, 0.125971895001171480
0.165772040873548965, 1.227658151451110902, -0.490011664956085669, -2.790217728320832258, 0.041853961270023159, 0.692567433266988552, 0.986947040485861016, 0.063422429991295159
0.239069879124506474, 1.109062494700481238, -0.976550743645819508, 0.698237582745046215, 0.040902364757864053, 0.704875125574680905, 0.992210198380597874, 0.068500747830665260
0.365974560655574710, 0.557189888328877503, -0.781853254021789179, -1.050329473846155715, 0.039117098196488030, 0.729490510190065500, 1.002736514170071480, 0.079909825595995368
0.450085390118427853, 0.560622104580348224, -0.342782183101348337, -1.612340928848905897, 0.038278810189395648, 0.741798202497757853, 1.007999672064808339, 0.086308311004403643
0.182333118714588072, 0.957665903329854240, -1.315834338311804963, 0.454019395988791929, 0.037473962672152583, 0.754105894805450094, 1.013262829959545197, 0.093219131600835003
0.251907827048339250, 0.876062906525456819, -0.773459387872241666, -0.667093111541071204, 0.036700656522583024, 0.766413587113142447, 1.018525987854282056, 0.100683310741307611
0.473765287696140680, 0.420900598946908677, -1.093216642443056497, 0.069156792755334040, 0.053718881091491671, 0.644283409598349510, 0.934592469848742002, 0.126857104069799442
0.107859714704212656, 1.045360150063966875, -0.683782490921839181, -0.453321037890710099, 0.052296926611938681, 0.656591101906041863, 0.939855627743478750, 0.137014720148794095
0.200625234949634468, 0.850721902535091612, -0.864900006405892152, -1.950151469114682845, 0.050942290908645133, 0.668898794213734216, 0.945118785638215608, 0.063868101703879854
0.266960935586999459, 0.800070228262363847, -0.478517727201900334, -2.276032140220056732, 0.049650527266435839, 0.681206486521426458, 0.950381943532952467, 0.068982105066633950
0.398668585002362741, 0.753444544460073584, -0.728813485114274018, -2.021828985269099377, 0.047239648638491817, 0.705821871136811163, 0.960908259322426184, 0.080471354834635397
0.131273093335341151, 1.411843387349724699, -0.913616206303916267, 0.108620660934440560, 0.046113352443042308, 0.718129563444503405, 0.966171417217163042, 0.086914802631749166
0.214902210143801620, 0.645814528289095580, -0.536668107999480060, 0.599101371860529586, 0.045035503952089190, 0.730437255752195647, 0.971434575111899790, 0.093874185814807956
0.341749071931345960, 0.660086614094440027, -0.637503611340793586, -2.225689029080555326, 0.035672109096587426, 0.755052640367580352, 0.981960890901373507, 0.109509312730002570
0.415319579127391370, 0.648309697987527134, -0.818532091716600241, -0.118101579166678849, 0.034956563163910763, 0.767360332675272594, 0.987224048796110365, 0.118277868215660567
0.228528349479558579, 1.005106353136269393, -1.238243092966938352, 0.910297499807601773, 0.033605146456288155, 0.791975717290657300, 0.997750364585584082, 0.137977527549683787
0.291614367968947852, 0.957947729322200514, -0.751133890987609520, 0.091739319679720488, 0.051222532676536370, 0.645230155160479768, 1.003013522480320940, 0.064316905167730282
0.355000431641222691, 0.517133096617449550, -0.939281613972942853, -1.357783950323352418, 0.049894352411342519, 0.657537847468172010, 1.008276680375057799, 0.069466844817333562
0.433680564346289821, 0.539076695457860189, -0.563376905883116397, -1.707255905830352916, 0.048628305326678826, 0.669845539775864252, 1.013539838269794657, 0.075029146944972619
0.303915840092405576, 0.821562248704341136, -0.841494494118691039, -1.159779457567527094, 0.045163905685881550, 0.706768616698941199, 0.929606320264254382, 0.094533843118467284
0.368780456852337735, 0.799213133271666321, -0.446143785360925971, -1.634477293516359175, 0.044108892856270406, 0.719076309006633663, 0.934869478158991241, 0.102103292948734284
0.454495719486740168, 0.776251669467180272, -1.133627014791830145, -0.885715558368728173, 0.043098718300022008, 0.731384001314325904, 0.940132636053728099, 0.110278838636768559
0.185487468985516601, 0.734007654548749500, -0.706397568927348396, -1.343437849956842234, 0.042130700274444696, 0.743691693622018146, 0.945395793948464958, 0.119109011079404137
0.254439322602133533, 0.714735274212567551, -0.888886850818775387, 0.916031166615746351, 0.041202360857690808, 0.755999385929710610, 0.950658951843201816, 0.128646227106561928
0.383260836747921163, 0.689062576546727423, -0.994445103053726909, 0.375247387124409915, 0.039455715490822683, 0.780614770545095094, 0.961185267632675422, 0.064768862389775930
0.479082457347813850, 0.660799054759021676, -0.613582779798771627, 0.574986514038336782, 0.031976254482999310, 0.792922462852787335, 0.966448425527412280, 0.069954990851817708
0.112890832800010971, 1.459257266672960851, -0.795890738445755530, -2.960709005290471652, 0.048740573002794475, 0.646176900722609804, 0.971711583422149139, 0.075556379477963342
0.331436375897260493, 0.635516008693543855, -0.762289746254008582, -2.343995483324955664, 0.045202277425409901, 0.683099977645686751, 0.987501057106359603, 0.095198135857890956
0.401887097839909002, 0.630797994027728293, -0.952537889986819208, -0.096429479401698853, 0.044127291880550923, 0.695407669953379215, 0.992764215001096462, 0.102820776486265822
0.135509382295153080, 1.170710371789847493, -0.576284728834974835, -0.255856775245696166, 0.043099093519081207, 0.707715362261071457, 0.998027372895833320, 0.111053772029952175
0.217673785765829741, 0.989980004258270374, -1.074791272415487553, -0.411880353553716438, 0.042114809399881513, 0.720023054568763698, 1.003290530790570179, 0.119945994414153656
0.281784977979766649, 0.933208249973646931, -0.672366197581177660, -0.927685694347235690, 0.041171791022205334, 0.732330746876455940, 1.008553688685307037, 0.129550228803753470
0.155069776465291853, 0.942277490826813668, -1.156122296867748922, 0.157985284980058038, 0.038566784817292692, 0.769253823799532999, 0.924620170679766873, 0.064813857331412567
0.231190271088207666, 0.841129236072426845, -0.717623833840897007, -0.520023266947084672, 0.037766141346211604, 0.781561516107225351, 0.929883328574503731, 0.070003588597932584
0.294071150067424070, 0.802765564874023729, -0.901147510677007157, -2.092098826522922117, 0.036996224329815128, 0.793869208414917593, 0.935146486469240590, 0.075608868509875402
0.357709260145091745, 0.779874098370526903, -0.522793095905750516, -2.262608328562365934, 0.056267599482422423, 0.647123646284740062, 0.940409644363977448, 0.081662970596802553
0.437616203615566357, 0.756731148718959856, -1.009283389298764710, 1.318898399712001179, 0.054754979675723542, 0.659431338592432303, 0.945672802258714196, 0.088201832643788419
0.172567683197932337, 1.307874721871275181, -0.625623284216515918, -2.709804371047048299, 0.053314423851651964, 0.671739030900124767, 0.950935960153451054, 0.095264270021882647
0.244244608730238066, 0.567419048840953844, -0.807178430399920654, -0.562905419257885065, 0.042996324017424821, 0.684046723207817009, 0.956199118048187913, 0.102892206100224329
0.306384742086599937, 0.610613363055880987, -0.391317525179932790, -0.691873433101213742, 0.041999376117719991, 0.696354415515509251, 0.961462275942924771, 0.111130921107558969
0.371614195616891019, 0.618148616598214407, -1.207732035962383099, -1.372627504682178312, 0.041045146806582639, 0.708662107823201715, 0.966725433837661630, 0.120029320920426563
0.459053039088844761, 0.604495456811995457, -0.739979305978526347, -1.568299787531116429, 0.040131041113380665, 0.720969800130893956, 0.971988591732398488, 0.129640227373574807
0.188596263551841364, 1.013927635782619463, -0.926318209744322330, 0.581564612773451950, 0.039254665169645063, 0.733277492438586198, 0.977251749627135236, 0.060430552409389882
0.318809939866165903, 0.897497971304188957, -1.040632586114968561, 0.207040631873823572, 0.037606421923821062, 0.757892877053970904, 0.987778065416608952, 0.070495506350402803
0.386259648651013976, 0.468479365923817337, -0.649242689605337597, -0.088152346841682050, 0.036830613315653765, 0.770200569361663145, 0.993041223311345811, 0.076140174767299076
0.484648461902549177, 0.494400133617144244, -0.829965845173661232, -1.620714076315923569, 0.036084623509163048, 0.782508261669355498, 0.998304381206082669, 0.082236819248858714
0.117730222793978295, 1.112575425885079961, -0.428835044476681304, -2.121681252301987008, 0.035366819655776760, 0.794815953977047851, 1.003567539100819417, 0.088821630116273503
0.333994360046611816, 0.824334530275773303, -0.876811320933968630, -0.809901245787867263, 0.051012659518761314, 0.672685776462254803, 1.019357012785029992, 0.111911842115125532
0.405157967857380064, 0.804914905890087296, -0.493774636869720673, -1.190906934530767902, 0.049722512833932031, 0.684993468769947267, 0.924897178990016222, 0.120872771305760754
0.139625900945296505, 0.804685522363816186, -0.980076147057215019, -1.298570598691086042, 0.048490864191171400, 0.697301161077639509, 0.930160336884753081, 0.130551213946643430
0.220420884633662995, 0.745728224262490191, -0.601361548320222372, -1.630098148908285527, 0.047314007383647411, 0.709608853385331750, 0.935423494779489828, 0.060855200089846608
0.284243983991332883, 0.725064845120664492, -0.784655440546391136, 0.769691317140872577, 0.046188533348096625, 0.721916545693024103, 0.940686652674226687, 0.065727956436097038
0.422425315326952155, 0.691011647772876159, -1.293572567433221021, 1.917659960585251788, 0.036569289958571588, 0.746531930308408698, 0.951212968463700403, 0.076675214533036495
0.296529024838694366, 0.568001193254068615, -0.582641065389874591, -2.506196338339149676, 0.034411118405961200, 0.783455007231485645, 0.967002442147910868, 0.096607825050403023
0.360440353600139429, 0.592648314268856002, -1.083876431599305024, 1.041638333884782108, 0.033745059864690306, 0.795762699539177998, 0.972265600042647726, 0.104343341356598604
0.175876360533788356, 1.008236728786181757, -0.858999860542648985, -0.827460753079793387, 0.049989149644037820, 0.661324829716692708, 0.982791915832121443, 0.121722148647500764
0.246811313910805824, 0.912942122944496948, -0.470672616801554089, -1.212737612310291091, 0.048723615379678210, 0.673632522024385061, 0.988055073726858302, 0.131468602055355099
0.308858091171036131, 0.874569661146627375, -1.168096973177268127, -0.368704844238565199, 0.047515907753367892, 0.685940214332077303, 0.993318231621595160, 0.061282831784933836
0.374477367305163900, 0.856615123149790936, -0.723222431612517314, -1.019302563866567812, 0.046362324133732001, 0.698247906639769655, 0.998581389516331908, 0.066189829166511005
0.463771996804012265, 0.465806460284780566, -0.907354334866418810, 1.449220447998498695, 0.045259462325620711, 0.710555598947462008, 1.003844547411068877, 0.071489736317455657
0.259472834490968751, 0.777316557322981549, -1.016897865487588870, -0.402918968999283034, 0.043193625344103356, 0.735170983562846603, 1.014370863200542372, 0.083396642254965264
0.321316112980098934, 0.753659980322655576, -0.631582252101388186, -0.836201261335544954, 0.042225100792639074, 0.747478675870538845, 1.019634021095279230, 0.090074321684231615
0.389297438477583080, 0.734076968534905783, -0.812846146538508618, -2.380688766564077685, 0.041296155674353324, 0.759786368178231197, 0.925174187300265460, 0.097286691735977926
0.490496204536802538, 0.701098097466225978, -0.401111835467712063, -2.748180005854611974, 0.040404511266764080, 0.772094060485923550, 0.930437345195002319, 0.105076565795422350
0.209279937123257820, 0.709492966313083895, -0.745557220417380040, -2.093256050803816493, 0.032130904286881153, 0.796709445101308145, 0.940963660984476036, 0.122577494594584002
0.274392023267362895, 0.699891051508244377, -0.932765356345196750, 0.065709704366427535, 0.048862281633633639, 0.649963882971130613, 0.946226818879212894, 0.132392436683532760
0.336565203593640339, 0.690423277576284411, -0.556817746453518891, 0.222753773170858427, 0.047626323202480149, 0.662271575278822966, 0.951489976773949753, 0.061713468463430392
0.408484535143221639, 0.675266005653408552, -1.048876994880433733, -1.903407156713675441, 0.046447211598549060, 0.674579267586515208, 0.956753134668686500, 0.066654947493329716
0.143632172478693060, 1.220426733520731721, -0.655064795701405078, -1.886645074953994694, 0.045321270942508617, 0.686886959894207560, 0.962016292563423359, 0.071992097283776327
0.223144841041191533, 1.050241791190547946, -0.835717351974720635, 0.249533660729720497, 0.044245127070811748, 0.699194652201899802, 0.967279450458160217, 0.077756599715803107
0.349644706194056354, 0.560570465571926357, -1.123008332334646031, 0.639669806688244247, 0.042230066556287318, 0.723810036817284397, 0.977805766247633934, 0.090707277205021808
0.426091788180012698, 0.569566144676078578, -0.700766634492929752, 0.248741314937503510, 0.041285659051896996, 0.736117729124976750, 0.983068924142370681, 0.097970328842339624
0.162277049623616415, 1.005566425483640947, -0.882827294528485629, -1.310975661715436003, 0.040380022429010461, 0.748425421432669102, 0.988332082037107540, 0.105814942628933650
0.236459994266377593, 0.896516985082397966, -0.501204471727813350, -1.730854872152173485, 0.039510906750448840, 0.760733113740361344, 0.993595239931844398, 0.114287685015155613
0.445809279954584858, 0.815276877462272842, -0.790267370688063298, -1.521551599129303600, 0.037102594026314092, 0.797656190663438291, 1.009384713616054974, 0.062147131241463559
0.179130419972525962, 0.666405393003070223, -0.359884166252527782, -2.164725546960523772, 0.056300800081997796, 0.650910628533260760, 1.014647871510791832, 0.067123334223476674
0.249365434550473025, 0.678643148926558526, -1.255165790506456158, -0.556791676779167855, 0.054792259653684949, 0.663218320840953002, 1.019911029405528691, 0.072497988358801807
0.311336578527281249, 0.676614175577965882, -0.756710878966594724, -1.241042598494081606, 0.044183368934190885, 0.675526013148645466, 0.920202617100527975, 0.078302998158197412
0.377371655529046834, 0.667752647134076338, -0.945871026318649721, 0.989623541579250254, 0.043138528712214699, 0.687833705456337707, 0.925465774995264723, 0.084572822768788927
0.194687390461922710, 1.070577963891106377, -1.065941200781309384, 0.570000617075643090, 0.041182589819358240, 0.712449090071722413, 0.935992090784738440, 0.098658769891407677
0.261976406008250451, 0.991611639426036695, -0.666624562307315927, 0.471117677568390514, 0.040266099345625576, 0.724756782379414655, 0.941255248679475298, 0.106558508063196652
0.392376512623461071, 0.550842211454984798, -0.454497511443715363, -2.885117531820907466, 0.038544127558264120, 0.749372166994799360, 0.951781564468949015, 0.124306260365928789
0.496665635139290462, 0.542663567291565063, -1.144649980435804570, 1.527086860607829610, 0.037734400753787319, 0.761679859302491602, 0.957044722363685763, 0.134259627016312943
